"_id","_index","_score","_type","@timestamp","@version","alert_text",eventid,host,message,password,timestamp,username,"src_ip",session,path,sensor
"B_dE1pcBuG2woOv8PETL","cowrie-2025.07.04","-","_doc","Jul 4, 2025 @ 19:28:05.599",1,"Cowrie: Failed SSH login! User: root, IP: 127.0.0.1","cowrie.login.failed","oznur-VMware","login attempt [root/hata] failed",hata,"Jul 4, 2025 @ 22:28:05.308",root,"127.0.0.1",22d6c79d2793,"/home/cowrie/cowrie/var/log/cowrie/cowrie.json","oznur-VMware"
BvdE1pcBuG2woOv8MUQN,"cowrie-2025.07.04","-","_doc","Jul 4, 2025 @ 19:28:02.591",1,"Cowrie: Failed SSH login! User: root, IP: 127.0.0.1","cowrie.login.failed","oznur-VMware","login attempt [root/hata] failed",hata,"Jul 4, 2025 @ 22:28:01.959",root,"127.0.0.1",22d6c79d2793,"/home/cowrie/cowrie/var/log/cowrie/cowrie.json","oznur-VMware"
BfdE1pcBuG2woOv8JURN,"cowrie-2025.07.04","-","_doc","Jul 4, 2025 @ 19:27:59.583",1,"Cowrie: Failed SSH login! User: root, IP: 127.0.0.1","cowrie.login.failed","oznur-VMware","login attempt [root/hata] failed",hata,"Jul 4, 2025 @ 22:27:58.956",root,"127.0.0.1",22d6c79d2793,"/home/cowrie/cowrie/var/log/cowrie/cowrie.json","oznur-VMware"
BPdE1pcBuG2woOv8FUSO,"cowrie-2025.07.04","-","_doc","Jul 4, 2025 @ 19:27:55.557",1,"Cowrie: Failed SSH login! User: root, IP: 127.0.0.1","cowrie.login.failed","oznur-VMware","login attempt [root/hata] failed",hata,"Jul 4, 2025 @ 22:27:54.933",root,"127.0.0.1",87a3e954eb0a,"/home/cowrie/cowrie/var/log/cowrie/cowrie.json","oznur-VMware"
"A_dE1pcBuG2woOv8CUTU","cowrie-2025.07.04","-","_doc","Jul 4, 2025 @ 19:27:52.551",1,"Cowrie: Failed SSH login! User: root, IP: 127.0.0.1","cowrie.login.failed","oznur-VMware","login attempt [root/hata] failed",hata,"Jul 4, 2025 @ 22:27:52.099",root,"127.0.0.1",87a3e954eb0a,"/home/cowrie/cowrie/var/log/cowrie/cowrie.json","oznur-VMware"
"AvdD1pcBuG2woOv8_kQT","cowrie-2025.07.04","-","_doc","Jul 4, 2025 @ 19:27:49.545",1,"Cowrie: Failed SSH login! User: root, IP: 127.0.0.1","cowrie.login.failed","oznur-VMware","login attempt [root/hata] failed",hata,"Jul 4, 2025 @ 22:27:48.909",root,"127.0.0.1",87a3e954eb0a,"/home/cowrie/cowrie/var/log/cowrie/cowrie.json","oznur-VMware"
AfdD1pcBuG2woOv86kRw,"cowrie-2025.07.04","-","_doc","Jul 4, 2025 @ 19:27:44.519",1,"Cowrie: Failed SSH login! User: root, IP: 127.0.0.1","cowrie.login.failed","oznur-VMware","login attempt [root/hata] failed",hata,"Jul 4, 2025 @ 22:27:44.449",root,"127.0.0.1",5bbc6ab24d64,"/home/cowrie/cowrie/var/log/cowrie/cowrie.json","oznur-VMware"
APdD1pcBuG2woOv83kSy,"cowrie-2025.07.04","-","_doc","Jul 4, 2025 @ 19:27:41.511",1,"Cowrie: Failed SSH login! User: root, IP: 127.0.0.1","cowrie.login.failed","oznur-VMware","login attempt [root/hata] failed",hata,"Jul 4, 2025 @ 22:27:41.500",root,"127.0.0.1",5bbc6ab24d64,"/home/cowrie/cowrie/var/log/cowrie/cowrie.json","oznur-VMware"
"__dD1pcBuG2woOv81kPc","cowrie-2025.07.04","-","_doc","Jul 4, 2025 @ 19:27:39.506",1,"Cowrie: Failed SSH login! User: root, IP: 127.0.0.1","cowrie.login.failed","oznur-VMware","login attempt [root/hata] failed",hata,"Jul 4, 2025 @ 22:27:38.652",root,"127.0.0.1",5bbc6ab24d64,"/home/cowrie/cowrie/var/log/cowrie/cowrie.json","oznur-VMware"
"_vdD1pcBuG2woOv8x0Mu","cowrie-2025.07.04","-","_doc","Jul 4, 2025 @ 19:27:35.491",1,"Cowrie: Failed SSH login! User: root, IP: 127.0.0.1","cowrie.login.failed","oznur-VMware","login attempt [root/hata] failed",hata,"Jul 4, 2025 @ 22:27:34.646",root,"127.0.0.1",335e304d008f,"/home/cowrie/cowrie/var/log/cowrie/cowrie.json","oznur-VMware"
"_fdD1pcBuG2woOv8u0Nx","cowrie-2025.07.04","-","_doc","Jul 4, 2025 @ 19:27:32.486",1,"Cowrie: Failed SSH login! User: root, IP: 127.0.0.1","cowrie.login.failed","oznur-VMware","login attempt [root/[Ahata] failed","[Ahata","Jul 4, 2025 @ 22:27:31.726",root,"127.0.0.1",335e304d008f,"/home/cowrie/cowrie/var/log/cowrie/cowrie.json","oznur-VMware"
"_PdD1pcBuG2woOv8q0PO","cowrie-2025.07.04","-","_doc","Jul 4, 2025 @ 19:27:28.478",1,"Cowrie: Failed SSH login! User: root, IP: 127.0.0.1","cowrie.login.failed","oznur-VMware","login attempt [root/hata] failed",hata,"Jul 4, 2025 @ 22:27:27.943",root,"127.0.0.1",335e304d008f,"/home/cowrie/cowrie/var/log/cowrie/cowrie.json","oznur-VMware"
"-_dD1pcBuG2woOv8OkM8","cowrie-2025.07.04","-","_doc","Jul 4, 2025 @ 19:26:59.410",1,"Cowrie: Failed SSH login! User: root, IP: 127.0.0.1","cowrie.login.failed","oznur-VMware","login attempt [root/1234] failed",1234,"Jul 4, 2025 @ 22:26:58.680",root,"127.0.0.1",c49c9f98369a,"/home/cowrie/cowrie/var/log/cowrie/cowrie.json","oznur-VMware"
"-vdD1pcBuG2woOv8KkOQ","cowrie-2025.07.04","-","_doc","Jul 4, 2025 @ 19:26:55.397",1,"Cowrie: Failed SSH login! User: root, IP: 127.0.0.1","cowrie.login.failed","oznur-VMware","login attempt [root/1234] failed",1234,"Jul 4, 2025 @ 22:26:54.742",root,"127.0.0.1",a6cea45b83a1,"/home/cowrie/cowrie/var/log/cowrie/cowrie.json","oznur-VMware"
"-fdD1pcBuG2woOv8HkPS","cowrie-2025.07.04","-","_doc","Jul 4, 2025 @ 19:26:52.391",1,"Cowrie: Failed SSH login! User: root, IP: 127.0.0.1","cowrie.login.failed","oznur-VMware","login attempt [root/1234] failed",1234,"Jul 4, 2025 @ 22:26:51.965",root,"127.0.0.1",a6cea45b83a1,"/home/cowrie/cowrie/var/log/cowrie/cowrie.json","oznur-VMware"
"-PdD1pcBuG2woOv8E0MV","cowrie-2025.07.04","-","_doc","Jul 4, 2025 @ 19:26:49.384",1,"Cowrie: Failed SSH login! User: root, IP: 127.0.0.1","cowrie.login.failed","oznur-VMware","login attempt [root/1234] failed",1234,"Jul 4, 2025 @ 22:26:49.180",root,"127.0.0.1",a6cea45b83a1,"/home/cowrie/cowrie/var/log/cowrie/cowrie.json","oznur-VMware"
"9_dC1pcBuG2woOv8_0N-","cowrie-2025.07.04","-","_doc","Jul 4, 2025 @ 19:26:44.370",1,"Cowrie: Failed SSH login! User: root, IP: 127.0.0.1","cowrie.login.failed","oznur-VMware","login attempt [root/1234] failed",1234,"Jul 4, 2025 @ 22:26:44.176",root,"127.0.0.1",326064963cc0,"/home/cowrie/cowrie/var/log/cowrie/cowrie.json","oznur-VMware"
9vdC1pcBuG2woOv890Op,"cowrie-2025.07.04","-","_doc","Jul 4, 2025 @ 19:26:42.366",1,"Cowrie: Failed SSH login! User: root, IP: 127.0.0.1","cowrie.login.failed","oznur-VMware","login attempt [root/1234] failed",1234,"Jul 4, 2025 @ 22:26:41.420",root,"127.0.0.1",326064963cc0,"/home/cowrie/cowrie/var/log/cowrie/cowrie.json","oznur-VMware"
9fdC1pcBuG2woOv860Pr,"cowrie-2025.07.04","-","_doc","Jul 4, 2025 @ 19:26:39.360",1,"Cowrie: Failed SSH login! User: root, IP: 127.0.0.1","cowrie.login.failed","oznur-VMware","login attempt [root/1234] failed",1234,"Jul 4, 2025 @ 22:26:38.592",root,"127.0.0.1",326064963cc0,"/home/cowrie/cowrie/var/log/cowrie/cowrie.json","oznur-VMware"
9PdC1pcBuG2woOv82ENX,"cowrie-2025.07.04","-","_doc","Jul 4, 2025 @ 19:26:34.348",1,"Cowrie: Failed SSH login! User: root, IP: 127.0.0.1","cowrie.login.failed","oznur-VMware","login attempt [root/1234] failed",1234,"Jul 4, 2025 @ 22:26:33.500",root,"127.0.0.1",4ac883e60bb0,"/home/cowrie/cowrie/var/log/cowrie/cowrie.json","oznur-VMware"
"8_dC1pcBuG2woOv8zEOc","cowrie-2025.07.04","-","_doc","Jul 4, 2025 @ 19:26:31.344",1,"Cowrie: Failed SSH login! User: root, IP: 127.0.0.1","cowrie.login.failed","oznur-VMware","login attempt [root/1234] failed",1234,"Jul 4, 2025 @ 22:26:30.621",root,"127.0.0.1",4ac883e60bb0,"/home/cowrie/cowrie/var/log/cowrie/cowrie.json","oznur-VMware"
8vdC1pcBuG2woOv8wEPl,"cowrie-2025.07.04","-","_doc","Jul 4, 2025 @ 19:26:28.337",1,"Cowrie: Failed SSH login! User: root, IP: 127.0.0.1","cowrie.login.failed","oznur-VMware","login attempt [root/1234] failed",1234,"Jul 4, 2025 @ 22:26:27.964",root,"127.0.0.1",4ac883e60bb0,"/home/cowrie/cowrie/var/log/cowrie/cowrie.json","oznur-VMware"
8fdC1pcBuG2woOv8qUNY,"cowrie-2025.07.04","-","_doc","Jul 4, 2025 @ 19:26:22.317",1,"Cowrie: Failed SSH login! User: root, IP: 127.0.0.1","cowrie.login.failed","oznur-VMware","login attempt [root/1234] failed",1234,"Jul 4, 2025 @ 22:26:21.622",root,"127.0.0.1",cd2afc6460bf,"/home/cowrie/cowrie/var/log/cowrie/cowrie.json","oznur-VMware"
8PdC1pcBuG2woOv8nUOZ,"cowrie-2025.07.04","-","_doc","Jul 4, 2025 @ 19:26:19.311",1,"Cowrie: Failed SSH login! User: root, IP: 127.0.0.1","cowrie.login.failed","oznur-VMware","login attempt [root/1234] failed",1234,"Jul 4, 2025 @ 22:26:18.681",root,"127.0.0.1",cd2afc6460bf,"/home/cowrie/cowrie/var/log/cowrie/cowrie.json","oznur-VMware"
"7_dC1pcBuG2woOv8kUPg","cowrie-2025.07.04","-","_doc","Jul 4, 2025 @ 19:26:16.304",1,"Cowrie: Failed SSH login! User: root, IP: 127.0.0.1","cowrie.login.failed","oznur-VMware","login attempt [root/1234] failed",1234,"Jul 4, 2025 @ 22:26:15.652",root,"127.0.0.1",cd2afc6460bf,"/home/cowrie/cowrie/var/log/cowrie/cowrie.json","oznur-VMware"
7vdB1pcBuG2woOv8vkOa,"cowrie-2025.07.04","-","_doc","Jul 4, 2025 @ 19:25:22.220",1,"Cowrie: Failed SSH login! User: root, IP: 127.0.0.1","cowrie.login.failed","oznur-VMware","login attempt [root/1234] failed",1234,"Jul 4, 2025 @ 22:25:21.619",root,"127.0.0.1",81de7aa021fe,"/home/cowrie/cowrie/var/log/cowrie/cowrie.json","oznur-VMware"
7fdB1pcBuG2woOv8skPd,"cowrie-2025.07.04","-","_doc","Jul 4, 2025 @ 19:25:19.212",1,"Cowrie: Failed SSH login! User: root, IP: 127.0.0.1","cowrie.login.failed","oznur-VMware","login attempt [root/1234] failed",1234,"Jul 4, 2025 @ 22:25:18.810",root,"127.0.0.1",81de7aa021fe,"/home/cowrie/cowrie/var/log/cowrie/cowrie.json","oznur-VMware"
7PdB1pcBuG2woOv8q0MC,"cowrie-2025.07.04","-","_doc","Jul 4, 2025 @ 19:25:17.207",1,"Cowrie: Failed SSH login! User: root, IP: 127.0.0.1","cowrie.login.failed","oznur-VMware","login attempt [root/1234] failed",1234,"Jul 4, 2025 @ 22:25:16.226",root,"127.0.0.1",81de7aa021fe,"/home/cowrie/cowrie/var/log/cowrie/cowrie.json","oznur-VMware"
"6_dB1pcBuG2woOv8m0NV","cowrie-2025.07.04","-","_doc","Jul 4, 2025 @ 19:25:13.195",1,"Cowrie: Failed SSH login! User: root, IP: 127.0.0.1","cowrie.login.failed","oznur-VMware","login attempt [root/1234] failed",1234,"Jul 4, 2025 @ 22:25:12.464",root,"127.0.0.1",bc1daeae8eab,"/home/cowrie/cowrie/var/log/cowrie/cowrie.json","oznur-VMware"
6vdB1pcBuG2woOv8j0OZ,"cowrie-2025.07.04","-","_doc","Jul 4, 2025 @ 19:25:10.190",1,"Cowrie: Failed SSH login! User: root, IP: 127.0.0.1","cowrie.login.failed","oznur-VMware","login attempt [root/1234] failed",1234,"Jul 4, 2025 @ 22:25:09.564",root,"127.0.0.1",bc1daeae8eab,"/home/cowrie/cowrie/var/log/cowrie/cowrie.json","oznur-VMware"
6fdB1pcBuG2woOv8g0Pb,"cowrie-2025.07.04","-","_doc","Jul 4, 2025 @ 19:25:07.183",1,"Cowrie: Failed SSH login! User: root, IP: 127.0.0.1","cowrie.login.failed","oznur-VMware","login attempt [root/1234] failed",1234,"Jul 4, 2025 @ 22:25:06.817",root,"127.0.0.1",bc1daeae8eab,"/home/cowrie/cowrie/var/log/cowrie/cowrie.json","oznur-VMware"
6PdB1pcBuG2woOv8dEMx,"cowrie-2025.07.04","-","_doc","Jul 4, 2025 @ 19:25:03.166",1,"Cowrie: Failed SSH login! User: root, IP: 127.0.0.1","cowrie.login.failed","oznur-VMware","login attempt [root/[A1234] failed","[A1234","Jul 4, 2025 @ 22:25:02.863",root,"127.0.0.1",feb34f3b85ec,"/home/cowrie/cowrie/var/log/cowrie/cowrie.json","oznur-VMware"
"5_dB1pcBuG2woOv8ZEN-","cowrie-2025.07.04","-","_doc","Jul 4, 2025 @ 19:24:59.154",1,"Cowrie: Failed SSH login! User: root, IP: 127.0.0.1","cowrie.login.failed","oznur-VMware","login attempt [root/1234] failed",1234,"Jul 4, 2025 @ 22:24:58.691",root,"127.0.0.1",feb34f3b85ec,"/home/cowrie/cowrie/var/log/cowrie/cowrie.json","oznur-VMware"
"5vdB1pcBuG2woOv8WEO_","cowrie-2025.07.04","-","_doc","Jul 4, 2025 @ 19:24:56.146",1,"Cowrie: Failed SSH login! User: root, IP: 127.0.0.1","cowrie.login.failed","oznur-VMware","login attempt [root/1234] failed",1234,"Jul 4, 2025 @ 22:24:55.760",root,"127.0.0.1",feb34f3b85ec,"/home/cowrie/cowrie/var/log/cowrie/cowrie.json","oznur-VMware"
5fdB1pcBuG2woOv8RUMj,"cowrie-2025.07.04","-","_doc","Jul 4, 2025 @ 19:24:51.128",1,"Cowrie: Failed SSH login! User: root, IP: 127.0.0.1","cowrie.login.failed","oznur-VMware","login attempt [root/1234] failed",1234,"Jul 4, 2025 @ 22:24:50.283",root,"127.0.0.1",5ffa655814fa,"/home/cowrie/cowrie/var/log/cowrie/cowrie.json","oznur-VMware"
5PdB1pcBuG2woOv8LUOr,"cowrie-2025.07.04","-","_doc","Jul 4, 2025 @ 19:24:45.118",1,"Cowrie: Failed SSH login! User: root, IP: 127.0.0.1","cowrie.login.failed","oznur-VMware","login attempt [root/1234] failed",1234,"Jul 4, 2025 @ 22:24:44.944",root,"127.0.0.1",5ffa655814fa,"/home/cowrie/cowrie/var/log/cowrie/cowrie.json","oznur-VMware"
"4_dA1pcBuG2woOv89kPn","cowrie-2025.07.04","-","_doc","Jul 4, 2025 @ 19:24:31.099",1,"Cowrie: Failed SSH login! User: root, IP: 127.0.0.1","cowrie.login.failed","oznur-VMware","login attempt [root/1234] failed",1234,"Jul 4, 2025 @ 22:24:30.539",root,"127.0.0.1",5ffa655814fa,"/home/cowrie/cowrie/var/log/cowrie/cowrie.json","oznur-VMware"
4vdA1pcBuG2woOv840NP,"cowrie-2025.07.04","-","_doc","Jul 4, 2025 @ 19:24:26.083",1,"Cowrie: Failed SSH login! User: root, IP: 127.0.0.1","cowrie.login.failed","oznur-VMware","login attempt [root/1234] failed",1234,"Jul 4, 2025 @ 22:24:25.620",root,"127.0.0.1",60f1a279c441,"/home/cowrie/cowrie/var/log/cowrie/cowrie.json","oznur-VMware"
4fdA1pcBuG2woOv810OQ,"cowrie-2025.07.04","-","_doc","Jul 4, 2025 @ 19:24:23.076",1,"Cowrie: Failed SSH login! User: root, IP: 127.0.0.1","cowrie.login.failed","oznur-VMware","login attempt [root/1234] failed",1234,"Jul 4, 2025 @ 22:24:22.748",root,"127.0.0.1",60f1a279c441,"/home/cowrie/cowrie/var/log/cowrie/cowrie.json","oznur-VMware"
4PdA1pcBuG2woOv8z0PG,"cowrie-2025.07.04","-","_doc","Jul 4, 2025 @ 19:24:21.071",1,"Cowrie: Failed SSH login! User: root, IP: 127.0.0.1","cowrie.login.failed","oznur-VMware","login attempt [root/1234] failed",1234,"Jul 4, 2025 @ 22:24:20.088",root,"127.0.0.1",60f1a279c441,"/home/cowrie/cowrie/var/log/cowrie/cowrie.json","oznur-VMware"
"3_dA1pcBuG2woOv8sENs","cowrie-2025.07.04","-","_doc","Jul 4, 2025 @ 19:24:13.052",1,"Cowrie: Failed SSH login! User: root, IP: 127.0.0.1","cowrie.login.failed","oznur-VMware","login attempt [root/1234] failed",1234,"Jul 4, 2025 @ 22:24:13.040",root,"127.0.0.1",27be5eef5a2d,"/home/cowrie/cowrie/var/log/cowrie/cowrie.json","oznur-VMware"
3vdA1pcBuG2woOv8qEOy,"cowrie-2025.07.04","-","_doc","Jul 4, 2025 @ 19:24:11.048",1,"Cowrie: Failed SSH login! User: root, IP: 127.0.0.1","cowrie.login.failed","oznur-VMware","login attempt [root/1234] failed",1234,"Jul 4, 2025 @ 22:24:10.350",root,"127.0.0.1",27be5eef5a2d,"/home/cowrie/cowrie/var/log/cowrie/cowrie.json","oznur-VMware"
3fdA1pcBuG2woOv8nEOW,"cowrie-2025.07.04","-","_doc","Jul 4, 2025 @ 19:24:07.979",1,"Cowrie: Failed SSH login! User: root, IP: 127.0.0.1","cowrie.login.failed","oznur-VMware","login attempt [root/1234] failed",1234,"Jul 4, 2025 @ 22:24:07.297",root,"127.0.0.1",27be5eef5a2d,"/home/cowrie/cowrie/var/log/cowrie/cowrie.json","oznur-VMware"
3PdA1pcBuG2woOv8fUNG,"cowrie-2025.07.04","-","_doc","Jul 4, 2025 @ 19:23:59.959",1,"Cowrie: Failed SSH login! User: root, IP: 127.0.0.1","cowrie.login.failed","oznur-VMware","login attempt [root/1234] failed",1234,"Jul 4, 2025 @ 22:23:59.611",root,"127.0.0.1",8e1a873a1fbc,"/home/cowrie/cowrie/var/log/cowrie/cowrie.json","oznur-VMware"
"2_dA1pcBuG2woOv8cUOF","cowrie-2025.07.04","-","_doc","Jul 4, 2025 @ 19:23:56.953",1,"Cowrie: Failed SSH login! User: root, IP: 127.0.0.1","cowrie.login.failed","oznur-VMware","login attempt [root/1234] failed",1234,"Jul 4, 2025 @ 22:23:56.627",root,"127.0.0.1",8e1a873a1fbc,"/home/cowrie/cowrie/var/log/cowrie/cowrie.json","oznur-VMware"
2vdA1pcBuG2woOv8ZUPG,"cowrie-2025.07.04","-","_doc","Jul 4, 2025 @ 19:23:53.946",1,"Cowrie: Failed SSH login! User: root, IP: 127.0.0.1","cowrie.login.failed","oznur-VMware","login attempt [root/1234] failed",1234,"Jul 4, 2025 @ 22:23:53.817",root,"127.0.0.1",8e1a873a1fbc,"/home/cowrie/cowrie/var/log/cowrie/cowrie.json","oznur-VMware"
2fdA1pcBuG2woOv8VkMZ,"cowrie-2025.07.04","-","_doc","Jul 4, 2025 @ 19:23:49.932",1,"Cowrie: Failed SSH login! User: root, IP: 127.0.0.1","cowrie.login.failed","oznur-VMware","login attempt [root/1234] failed",1234,"Jul 4, 2025 @ 22:23:49.585",root,"127.0.0.1",b2bef80dace2,"/home/cowrie/cowrie/var/log/cowrie/cowrie.json","oznur-VMware"
2PdA1pcBuG2woOv8SkNa,"cowrie-2025.07.04","-","_doc","Jul 4, 2025 @ 19:23:46.927",1,"Cowrie: Failed SSH login! User: root, IP: 127.0.0.1","cowrie.login.failed","oznur-VMware","login attempt [root/1234] failed",1234,"Jul 4, 2025 @ 22:23:46.710",root,"127.0.0.1",b2bef80dace2,"/home/cowrie/cowrie/var/log/cowrie/cowrie.json","oznur-VMware"
"1_dA1pcBuG2woOv8PkOb","cowrie-2025.07.04","-","_doc","Jul 4, 2025 @ 19:23:43.921",1,"Cowrie: Failed SSH login! User: root, IP: 127.0.0.1","cowrie.login.failed","oznur-VMware","login attempt [root/1234] failed",1234,"Jul 4, 2025 @ 22:23:43.685",root,"127.0.0.1",b2bef80dace2,"/home/cowrie/cowrie/var/log/cowrie/cowrie.json","oznur-VMware"
1vdA1pcBuG2woOv8LkP0,"cowrie-2025.07.04","-","_doc","Jul 4, 2025 @ 19:23:39.910",1,"Cowrie: Failed SSH login! User: root, IP: 127.0.0.1","cowrie.login.failed","oznur-VMware","login attempt [root/1234] failed",1234,"Jul 4, 2025 @ 22:23:39.853",root,"127.0.0.1",842bfeb17325,"/home/cowrie/cowrie/var/log/cowrie/cowrie.json","oznur-VMware"
1fdA1pcBuG2woOv8J0Md,"cowrie-2025.07.04","-","_doc","Jul 4, 2025 @ 19:23:37.906",1,"Cowrie: Failed SSH login! User: root, IP: 127.0.0.1","cowrie.login.failed","oznur-VMware","login attempt [root/1234] failed",1234,"Jul 4, 2025 @ 22:23:36.921",root,"127.0.0.1",842bfeb17325,"/home/cowrie/cowrie/var/log/cowrie/cowrie.json","oznur-VMware"
1PdA1pcBuG2woOv8F0N6,"cowrie-2025.07.04","-","_doc","Jul 4, 2025 @ 19:23:33.899",1,"Cowrie: Failed SSH login! User: root, IP: 127.0.0.1","cowrie.login.failed","oznur-VMware","login attempt [root/1234] failed",1234,"Jul 4, 2025 @ 22:23:33.022",root,"127.0.0.1",842bfeb17325,"/home/cowrie/cowrie/var/log/cowrie/cowrie.json","oznur-VMware"
"x_cx1pcBuG2woOv8xkNX","cowrie-2025.07.04","-","_doc","Jul 4, 2025 @ 19:07:55.627",1,"Cowrie: Failed SSH login! User: root, IP: 127.0.0.1","cowrie.login.failed","oznur-VMware","login attempt [root/1234] failed",1234,"Jul 4, 2025 @ 22:07:54.780",root,"127.0.0.1",8cf1933c0fc8,"/home/cowrie/cowrie/var/log/cowrie/cowrie.json","oznur-VMware"
xvcx1pcBuG2woOv8tkO1,"cowrie-2025.07.04","-","_doc","Jul 4, 2025 @ 19:07:51.619",1,"Cowrie: Failed SSH login! User: root, IP: 127.0.0.1","cowrie.login.failed","oznur-VMware","login attempt [root/1234] failed",1234,"Jul 4, 2025 @ 22:07:51.433",root,"127.0.0.1",8cf1933c0fc8,"/home/cowrie/cowrie/var/log/cowrie/cowrie.json","oznur-VMware"
xfcx1pcBuG2woOv8qkP0,"cowrie-2025.07.04","-","_doc","Jul 4, 2025 @ 19:07:48.614",1,"Cowrie: Failed SSH login! User: root, IP: 127.0.0.1","cowrie.login.failed","oznur-VMware","login attempt [root/1234] failed",1234,"Jul 4, 2025 @ 22:07:48.594",root,"127.0.0.1",8cf1933c0fc8,"/home/cowrie/cowrie/var/log/cowrie/cowrie.json","oznur-VMware"
xPcx1pcBuG2woOv8j0OK,"cowrie-2025.07.04","-","_doc","Jul 4, 2025 @ 19:07:41.598",1,"Cowrie: Failed SSH login! User: root, IP: 127.0.0.1","cowrie.login.failed","oznur-VMware","login attempt [root/1234] failed",1234,"Jul 4, 2025 @ 22:07:41.360",root,"127.0.0.1",81ff405e2f59,"/home/cowrie/cowrie/var/log/cowrie/cowrie.json","oznur-VMware"
"w_cx1pcBuG2woOv8g0PK","cowrie-2025.07.04","-","_doc","Jul 4, 2025 @ 19:07:38.592",1,"Cowrie: Failed SSH login! User: root, IP: 127.0.0.1","cowrie.login.failed","oznur-VMware","login attempt [root/1234] failed",1234,"Jul 4, 2025 @ 22:07:38.324",root,"127.0.0.1",81ff405e2f59,"/home/cowrie/cowrie/var/log/cowrie/cowrie.json","oznur-VMware"
wvcx1pcBuG2woOv8eEMO,"cowrie-2025.07.04","-","_doc","Jul 4, 2025 @ 19:07:35.586",1,"Cowrie: Failed SSH login! User: root, IP: 127.0.0.1","cowrie.login.failed","oznur-VMware","login attempt [root/1234] failed",1234,"Jul 4, 2025 @ 22:07:35.083",root,"127.0.0.1",81ff405e2f59,"/home/cowrie/cowrie/var/log/cowrie/cowrie.json","oznur-VMware"
wfcx1pcBuG2woOv8ZENJ,"cowrie-2025.07.04","-","_doc","Jul 4, 2025 @ 19:07:30.525",1,"Cowrie: Failed SSH login! User: root, IP: 127.0.0.1","cowrie.login.failed","oznur-VMware","login attempt [root/1234] failed",1234,"Jul 4, 2025 @ 22:07:29.855",root,"127.0.0.1",4eda65682b33,"/home/cowrie/cowrie/var/log/cowrie/cowrie.json","oznur-VMware"
wPcx1pcBuG2woOv8WEOK,"cowrie-2025.07.04","-","_doc","Jul 4, 2025 @ 19:07:27.519",1,"Cowrie: Failed SSH login! User: root, IP: 127.0.0.1","cowrie.login.failed","oznur-VMware","login attempt [root/1234] failed",1234,"Jul 4, 2025 @ 22:07:26.992",root,"127.0.0.1",4eda65682b33,"/home/cowrie/cowrie/var/log/cowrie/cowrie.json","oznur-VMware"
"v_cx1pcBuG2woOv8TEPZ","cowrie-2025.07.04","-","_doc","Jul 4, 2025 @ 19:07:24.508",1,"Cowrie: Failed SSH login! User: root, IP: 127.0.0.1","cowrie.login.failed","oznur-VMware","login attempt [root/1234] failed",1234,"Jul 4, 2025 @ 22:07:24.096",root,"127.0.0.1",4eda65682b33,"/home/cowrie/cowrie/var/log/cowrie/cowrie.json","oznur-VMware"
rPca1pcBuG2woOv8zkOL,"cowrie-2025.07.04","-","_doc","Jul 4, 2025 @ 18:42:50.379",1,"Cowrie: Failed SSH login! User: root, IP: 127.0.0.1","cowrie.login.failed","oznur-VMware","login attempt [root/admin] failed",admin,"Jul 4, 2025 @ 21:42:49.872",root,"127.0.0.1",dcfa303f803f,"/home/cowrie/cowrie/var/log/cowrie/cowrie.json","oznur-VMware"
"q_ca1pcBuG2woOv8vkPp","cowrie-2025.07.04","-","_doc","Jul 4, 2025 @ 18:42:46.372",1,"Cowrie: Failed SSH login! User: root, IP: 127.0.0.1","cowrie.login.failed","oznur-VMware","login attempt [root/4321] failed",4321,"Jul 4, 2025 @ 21:42:45.909",root,"127.0.0.1",dcfa303f803f,"/home/cowrie/cowrie/var/log/cowrie/cowrie.json","oznur-VMware"
qvca1pcBuG2woOv8WkNr,"cowrie-2025.07.04","-","_doc","Jul 4, 2025 @ 18:42:20.330",1,"Cowrie: Failed SSH login! User: root, IP: 127.0.0.1","cowrie.login.failed","oznur-VMware","login attempt [root/denemepassword] failed",denemepassword,"Jul 4, 2025 @ 21:42:19.886",root,"127.0.0.1",dcfa303f803f,"/home/cowrie/cowrie/var/log/cowrie/cowrie.json","oznur-VMware"
qffgpZcBuG2woOv8IkMp,"cowrie-2025.06.25","-","_doc","Jun 25, 2025 @ 09:56:57.768",1,"Cowrie: Failed SSH login! User: root, IP: 127.0.0.1","cowrie.login.failed","oznur-VMware","login attempt [root/1234] failed",1234,"Jun 25, 2025 @ 12:56:57.015",root,"127.0.0.1",ed0fb9d6f6ee,"/home/cowrie/cowrie/var/log/cowrie/cowrie.json","oznur-VMware"
pveRo5cBuG2woOv8a0Op,"cowrie-2025.06.24","-","_doc","Jun 24, 2025 @ 23:11:45.851",1,"Cowrie: Failed SSH login! User: root, IP: 127.0.0.1","cowrie.login.failed","oznur-VMware","login attempt [root/1234] failed",1234,"Jun 25, 2025 @ 02:11:45.446",root,"127.0.0.1",70ae03efd965,"/home/cowrie/cowrie/var/log/cowrie/cowrie.json","oznur-VMware"
"pfeLo5cBuG2woOv8wEN-","cowrie-2025.06.24","-","_doc","Jun 24, 2025 @ 23:05:34.354",1,"Cowrie: Failed SSH login! User: root, IP: 127.0.0.1","cowrie.login.failed","oznur-VMware","login attempt [root/1234] failed",1234,"Jun 25, 2025 @ 02:05:34.046",root,"127.0.0.1",261893768976,"/home/cowrie/cowrie/var/log/cowrie/cowrie.json","oznur-VMware"
pPeLo5cBuG2woOv8J0Pt,"cowrie-2025.06.24","-","_doc","Jun 24, 2025 @ 23:04:55.295",1,"Cowrie: Failed SSH login! User: root, IP: 127.0.0.1","cowrie.login.failed","oznur-VMware","login attempt [root/TEST] failed",TEST,"Jun 25, 2025 @ 02:04:54.797",root,"127.0.0.1",2fc0ed36103e,"/home/cowrie/cowrie/var/log/cowrie/cowrie.json","oznur-VMware"
"o_eLo5cBuG2woOv8GENB","cowrie-2025.06.24","-","_doc","Jun 24, 2025 @ 23:04:51.286",1,"Cowrie: Failed SSH login! User: root, IP: 127.0.0.1","cowrie.login.failed","oznur-VMware","login attempt [root/DENEMETEST] failed",DENEMETEST,"Jun 25, 2025 @ 02:04:50.361",root,"127.0.0.1",2fc0ed36103e,"/home/cowrie/cowrie/var/log/cowrie/cowrie.json","oznur-VMware"
oveLo5cBuG2woOv8CEOb,"cowrie-2025.06.24","-","_doc","Jun 24, 2025 @ 23:04:47.280",1,"Cowrie: Failed SSH login! User: root, IP: 127.0.0.1","cowrie.login.failed","oznur-VMware","login attempt [root/Ddeneme] failed",Ddeneme,"Jun 25, 2025 @ 02:04:46.497",root,"127.0.0.1",2fc0ed36103e,"/home/cowrie/cowrie/var/log/cowrie/cowrie.json","oznur-VMware"
"nPd_o5cBuG2woOv8c0NY","cowrie-2025.06.24","-","_doc","Jun 24, 2025 @ 22:52:08.056",1,"Cowrie: Failed SSH login! User: root, IP: 127.0.0.1","cowrie.login.failed","oznur-VMware","login attempt [root/yanlÄ±s] failed","yanlÄ±s","Jun 24, 2025 @ 17:51:33.284",root,"127.0.0.1",f1c6e7dc9b2b,"/home/cowrie/cowrie/var/log/cowrie/cowrie.json","oznur-VMware"
"nfd_o5cBuG2woOv8c0NY","cowrie-2025.06.24","-","_doc","Jun 24, 2025 @ 22:52:08.051",1,"Cowrie: Failed SSH login! User: root, IP: 127.0.0.1","cowrie.login.failed","oznur-VMware","login attempt [root/1234] failed",1234,"Jun 24, 2025 @ 17:48:51.363",root,"127.0.0.1",56eba568d5cb,"/home/cowrie/cowrie/var/log/cowrie/cowrie.json","oznur-VMware"
"nvd_o5cBuG2woOv8c0Nd","cowrie-2025.06.24","-","_doc","Jun 24, 2025 @ 22:52:08.046",1,"Cowrie: Failed SSH login! User: root, IP: 127.0.0.1","cowrie.login.failed","oznur-VMware","login attempt [root/1234] failed",1234,"Jun 24, 2025 @ 17:30:50.921",root,"127.0.0.1",70ac6d72a8f8,"/home/cowrie/cowrie/var/log/cowrie/cowrie.json","oznur-VMware"
lvdgo5cBuG2woOv8BUP8,"cowrie-2025.06.24","-","_doc","Jun 24, 2025 @ 22:16:48.343",1,"Cowrie: Failed SSH login! User: root, IP: 127.0.0.1","cowrie.login.failed","oznur-VMware","login attempt [root/yanlÄ±s] failed","yanlÄ±s","Jun 24, 2025 @ 17:51:33.284",root,"127.0.0.1",f1c6e7dc9b2b,"/home/cowrie/cowrie/var/log/cowrie/cowrie.json","oznur-VMware"
"l_dgo5cBuG2woOv8BUP9","cowrie-2025.06.24","-","_doc","Jun 24, 2025 @ 22:16:48.336",1,"Cowrie: Failed SSH login! User: root, IP: 127.0.0.1","cowrie.login.failed","oznur-VMware","login attempt [root/1234] failed",1234,"Jun 24, 2025 @ 17:48:51.363",root,"127.0.0.1",56eba568d5cb,"/home/cowrie/cowrie/var/log/cowrie/cowrie.json","oznur-VMware"
lfdgo5cBuG2woOv8BUPy,"cowrie-2025.06.24","-","_doc","Jun 24, 2025 @ 22:16:48.329",1,"Cowrie: Failed SSH login! User: root, IP: 127.0.0.1","cowrie.login.failed","oznur-VMware","login attempt [root/1234] failed",1234,"Jun 24, 2025 @ 17:30:50.921",root,"127.0.0.1",70ac6d72a8f8,"/home/cowrie/cowrie/var/log/cowrie/cowrie.json","oznur-VMware"
OCnHoZcBKBKIdN2JetQh,"cowrie-2025.06.24","-","_doc","Jun 24, 2025 @ 14:51:34.068",1,"Cowrie: Failed SSH login! User: root, IP: 127.0.0.1","cowrie.login.failed","oznur-VMware","login attempt [root/yanlÄ±s] failed","yanlÄ±s","Jun 24, 2025 @ 17:51:33.284",root,"127.0.0.1",f1c6e7dc9b2b,"/home/cowrie/cowrie/var/log/cowrie/cowrie.json","oznur-VMware"
NynFoZcBKBKIdN2JANRQ,"cowrie-2025.06.24","-","_doc","Jun 24, 2025 @ 14:48:51.799",1,"Cowrie: Failed SSH login! User: root, IP: 127.0.0.1","cowrie.login.failed","oznur-VMware","login attempt [root/1234] failed",1234,"Jun 24, 2025 @ 17:48:51.363",root,"127.0.0.1",56eba568d5cb,"/home/cowrie/cowrie/var/log/cowrie/cowrie.json","oznur-VMware"
NinDoZcBKBKIdN2JStQH,"cowrie-2025.06.24","-","_doc","Jun 24, 2025 @ 14:46:59.487",1,"Cowrie: Failed SSH login! User: root, IP: 127.0.0.1","cowrie.login.failed","oznur-VMware","login attempt [root/1234] failed",1234,"Jun 24, 2025 @ 17:30:50.921",root,"127.0.0.1",70ac6d72a8f8,"/home/cowrie/cowrie/var/log/cowrie/cowrie.json","oznur-VMware"
NSm0oZcBKBKIdN2JhNQ4,"cowrie-2025.06.24","-","_doc","Jun 24, 2025 @ 14:30:51.452",1,"Cowrie: Failed SSH login! User: root, IP: 127.0.0.1","cowrie.login.failed","oznur-VMware","login attempt [root/1234] failed",1234,"Jun 24, 2025 @ 17:30:50.921",root,"127.0.0.1",70ac6d72a8f8,"/home/cowrie/cowrie/var/log/cowrie/cowrie.json","oznur-VMware"
NCm0oZcBKBKIdN2JC9Ra,"cowrie-2025.06.24","-","_doc","Jun 24, 2025 @ 14:30:19.264",1,"Cowrie: Failed SSH login! User: root, IP: 127.0.0.1","cowrie.login.failed","oznur-VMware","login attempt [root/1234] failed",1234,"Jun 24, 2025 @ 02:57:23.813",root,"127.0.0.1",841b1d9b81f5,"/home/cowrie/cowrie/var/log/cowrie/cowrie.json","oznur-VMware"
MynSnpcBKBKIdN2J7NQK,"cowrie-2025.06.23","-","_doc","Jun 24, 2025 @ 01:05:12.363",1,"Cowrie: Failed SSH login! User: root, IP: 127.0.0.1","cowrie.login.failed","oznur-VMware","login attempt [root/1234] failed",1234,"Jun 24, 2025 @ 02:57:23.813",root,"127.0.0.1",841b1d9b81f5,"/home/cowrie/cowrie/var/log/cowrie/cowrie.json","oznur-VMware"
MSnLnpcBKBKIdN2JF9Q0,"cowrie-2025.06.23","-","_doc","Jun 24, 2025 @ 00:56:39.129",1,"Cowrie: Failed SSH login! User: root, IP: 127.0.0.1","cowrie.login.failed","oznur-VMware","login attempt [root/1234] failed",1234,"Jun 24, 2025 @ 02:57:23.813",root,"127.0.0.1",841b1d9b81f5,"/home/cowrie/cowrie/var/log/cowrie/cowrie.json","oznur-VMware"
"LynFnpcBKBKIdN2J_NTt","cowrie-2025.06.23","-","_doc","Jun 24, 2025 @ 00:51:04.736",1,"Cowrie: Failed SSH login! User: root, IP: 127.0.0.1","cowrie.login.failed","oznur-VMware","login attempt [root/1234] failed",1234,"Jun 24, 2025 @ 02:57:23.813",root,"127.0.0.1",841b1d9b81f5,"/home/cowrie/cowrie/var/log/cowrie/cowrie.json","oznur-VMware"
"rRl_npcB7BAthet5Ia-2","cowrie-2025.06.23","-","_doc","Jun 23, 2025 @ 23:33:40.922",1,"Cowrie: Failed SSH login! User: root, IP: 127.0.0.1","cowrie.login.failed","oznur-VMware","login attempt [root/1234] failed",1234,"Jun 24, 2025 @ 00:32:36.116",root,"127.0.0.1",6a3cbd7059ba,"/home/cowrie/cowrie/var/log/cowrie/cowrie.json","oznur-VMware"
"pxl_npcB7BAthet5Ia99","cowrie-2025.06.23","-","_doc","Jun 23, 2025 @ 23:33:40.914",1,"Cowrie: Failed SSH login! User: root, IP: 127.0.0.1","cowrie.login.failed","oznur-VMware","login attempt [root/testyanlis] failed",testyanlis,"Jun 24, 2025 @ 00:26:16.351",root,"127.0.0.1",faa13954ea5f,"/home/cowrie/cowrie/var/log/cowrie/cowrie.json","oznur-VMware"
"phl_npcB7BAthet5Ia97","cowrie-2025.06.23","-","_doc","Jun 23, 2025 @ 23:33:40.907",1,"Cowrie: Failed SSH login! User: root, IP: 127.0.0.1","cowrie.login.failed","oznur-VMware","login attempt [root/1234] failed",1234,"Jun 24, 2025 @ 00:10:59.329",root,"127.0.0.1",31bee1991587,"/home/cowrie/cowrie/var/log/cowrie/cowrie.json","oznur-VMware"
"qxl_npcB7BAthet5Ia-g","cowrie-2025.06.23","-","_doc","Jun 23, 2025 @ 23:33:40.845",1,"Cowrie: Failed SSH login! User: root, IP: 127.0.0.1","cowrie.login.failed","oznur-VMware","login attempt [root/yanlis] failed",yanlis,"Jun 23, 2025 @ 21:18:17.017",root,"127.0.0.1",9b0962d54466,"/home/cowrie/cowrie/var/log/cowrie/cowrie.json","oznur-VMware"
"qBl_npcB7BAthet5Ia-M","cowrie-2025.06.23","-","_doc","Jun 23, 2025 @ 23:33:40.838",1,"Cowrie: Failed SSH login! User: root, IP: 127.0.0.1","cowrie.login.failed","oznur-VMware","login attempt [root/test] failed",test,"Jun 23, 2025 @ 00:03:12.369",root,"127.0.0.1",17651ae15e8e,"/home/cowrie/cowrie/var/log/cowrie/cowrie.json","oznur-VMware"
"qhl_npcB7BAthet5Ia-M","cowrie-2025.06.23","-","_doc","Jun 23, 2025 @ 23:33:40.830",1,"Cowrie: Failed SSH login! User: root, IP: 127.0.0.1","cowrie.login.failed","oznur-VMware","login attempt [root/yanlisdeneme] failed",yanlisdeneme,"Jun 22, 2025 @ 23:45:06.741",root,"127.0.0.1",cafefd18df20,"/home/cowrie/cowrie/var/log/cowrie/cowrie.json","oznur-VMware"
"rxl_npcB7BAthet5Ia_E","cowrie-2025.06.23","-","_doc","Jun 23, 2025 @ 23:33:40.823",1,"Cowrie: Failed SSH login! User: root, IP: 127.0.0.1","cowrie.login.failed","oznur-VMware","login attempt [root/1234yanlÄ±sss] failed","1234yanlÄ±sss","Jun 22, 2025 @ 23:23:21.803",root,"127.0.0.1",3f3b3eb4babb,"/home/cowrie/cowrie/var/log/cowrie/cowrie.json","oznur-VMware"
"rhl_npcB7BAthet5Ia-_","cowrie-2025.06.23","-","_doc","Jun 23, 2025 @ 23:33:40.815",1,"Cowrie: Failed SSH login! User: root, IP: 127.0.0.1","cowrie.login.failed","oznur-VMware","login attempt [root/1234yanlÄ±s] failed","1234yanlÄ±s","Jun 22, 2025 @ 23:09:46.786",root,"127.0.0.1",06139c9379ab,"/home/cowrie/cowrie/var/log/cowrie/cowrie.json","oznur-VMware"
"rBl_npcB7BAthet5Ia-2","cowrie-2025.06.23","-","_doc","Jun 23, 2025 @ 23:33:40.807",1,"Cowrie: Failed SSH login! User: root, IP: 127.0.0.1","cowrie.login.failed","oznur-VMware","login attempt [root/123456] failed",123456,"Jun 22, 2025 @ 23:08:59.315",root,"127.0.0.1",0c0bed74841b,"/home/cowrie/cowrie/var/log/cowrie/cowrie.json","oznur-VMware"
"qRl_npcB7BAthet5Ia-M","cowrie-2025.06.23","-","_doc","Jun 23, 2025 @ 23:33:40.805",1,"Cowrie: Failed SSH login! User: root, IP: 127.0.0.1","cowrie.login.failed","oznur-VMware","login attempt [root/12345] failed",12345,"Jun 22, 2025 @ 23:08:55.945",root,"127.0.0.1",0c0bed74841b,"/home/cowrie/cowrie/var/log/cowrie/cowrie.json","oznur-VMware"
"pRl_npcB7BAthet5Ia97","cowrie-2025.06.23","-","_doc","Jun 23, 2025 @ 23:33:40.804",1,"Cowrie: Failed SSH login! User: root, IP: 127.0.0.1","cowrie.login.failed","oznur-VMware","login attempt [root/1234] failed",1234,"Jun 22, 2025 @ 23:08:49.404",root,"127.0.0.1",0c0bed74841b,"/home/cowrie/cowrie/var/log/cowrie/cowrie.json","oznur-VMware"
"pBl_npcB7BAthet5Ia97","cowrie-2025.06.23","-","_doc","Jun 23, 2025 @ 23:33:40.796",1,"Cowrie: Failed SSH login! User: root, IP: 127.0.0.1","cowrie.login.failed","oznur-VMware","login attempt [root/1234] failed",1234,"Jun 22, 2025 @ 23:06:50.318",root,"127.0.0.1",4b6efa55d739,"/home/cowrie/cowrie/var/log/cowrie/cowrie.json","oznur-VMware"
"nhk6npcB7BAthet5FK_N","cowrie-2025.06.23","-","_doc","Jun 23, 2025 @ 22:18:15.660",1,"Cowrie: Failed SSH login! User: root, IP: 127.0.0.1","cowrie.login.failed","oznur-VMware","login attempt [root/1234] failed",1234,"Jun 24, 2025 @ 00:32:36.116",root,"127.0.0.1",6a3cbd7059ba,"/home/cowrie/cowrie/var/log/cowrie/cowrie.json","oznur-VMware"
"oRk6npcB7BAthet5FK_Z","cowrie-2025.06.23","-","_doc","Jun 23, 2025 @ 22:18:15.653",1,"Cowrie: Failed SSH login! User: root, IP: 127.0.0.1","cowrie.login.failed","oznur-VMware","login attempt [root/testyanlis] failed",testyanlis,"Jun 24, 2025 @ 00:26:16.351",root,"127.0.0.1",faa13954ea5f,"/home/cowrie/cowrie/var/log/cowrie/cowrie.json","oznur-VMware"
"mhk6npcB7BAthet5FK-y","cowrie-2025.06.23","-","_doc","Jun 23, 2025 @ 22:18:15.646",1,"Cowrie: Failed SSH login! User: root, IP: 127.0.0.1","cowrie.login.failed","oznur-VMware","login attempt [root/1234] failed",1234,"Jun 24, 2025 @ 00:10:59.329",root,"127.0.0.1",31bee1991587,"/home/cowrie/cowrie/var/log/cowrie/cowrie.json","oznur-VMware"
"oBk6npcB7BAthet5FK_Q","cowrie-2025.06.23","-","_doc","Jun 23, 2025 @ 22:18:15.579",1,"Cowrie: Failed SSH login! User: root, IP: 127.0.0.1","cowrie.login.failed","oznur-VMware","login attempt [root/yanlis] failed",yanlis,"Jun 23, 2025 @ 21:18:17.017",root,"127.0.0.1",9b0962d54466,"/home/cowrie/cowrie/var/log/cowrie/cowrie.json","oznur-VMware"
"mBk6npcB7BAthet5FK-j","cowrie-2025.06.23","-","_doc","Jun 23, 2025 @ 22:18:15.569",1,"Cowrie: Failed SSH login! User: root, IP: 127.0.0.1","cowrie.login.failed","oznur-VMware","login attempt [root/test] failed",test,"Jun 23, 2025 @ 00:03:12.369",root,"127.0.0.1",17651ae15e8e,"/home/cowrie/cowrie/var/log/cowrie/cowrie.json","oznur-VMware"
"nBk6npcB7BAthet5FK-6","cowrie-2025.06.23","-","_doc","Jun 23, 2025 @ 22:18:15.561",1,"Cowrie: Failed SSH login! User: root, IP: 127.0.0.1","cowrie.login.failed","oznur-VMware","login attempt [root/yanlisdeneme] failed",yanlisdeneme,"Jun 22, 2025 @ 23:45:06.741",root,"127.0.0.1",cafefd18df20,"/home/cowrie/cowrie/var/log/cowrie/cowrie.json","oznur-VMware"
"oxk6npcB7BAthet5FK_v","cowrie-2025.06.23","-","_doc","Jun 23, 2025 @ 22:18:15.552",1,"Cowrie: Failed SSH login! User: root, IP: 127.0.0.1","cowrie.login.failed","oznur-VMware","login attempt [root/1234yanlÄ±sss] failed","1234yanlÄ±sss","Jun 22, 2025 @ 23:23:21.803",root,"127.0.0.1",3f3b3eb4babb,"/home/cowrie/cowrie/var/log/cowrie/cowrie.json","oznur-VMware"
"ohk6npcB7BAthet5FK_l","cowrie-2025.06.23","-","_doc","Jun 23, 2025 @ 22:18:15.543",1,"Cowrie: Failed SSH login! User: root, IP: 127.0.0.1","cowrie.login.failed","oznur-VMware","login attempt [root/1234yanlÄ±s] failed","1234yanlÄ±s","Jun 22, 2025 @ 23:09:46.786",root,"127.0.0.1",06139c9379ab,"/home/cowrie/cowrie/var/log/cowrie/cowrie.json","oznur-VMware"
"nRk6npcB7BAthet5FK_N","cowrie-2025.06.23","-","_doc","Jun 23, 2025 @ 22:18:15.531",1,"Cowrie: Failed SSH login! User: root, IP: 127.0.0.1","cowrie.login.failed","oznur-VMware","login attempt [root/123456] failed",123456,"Jun 22, 2025 @ 23:08:59.315",root,"127.0.0.1",0c0bed74841b,"/home/cowrie/cowrie/var/log/cowrie/cowrie.json","oznur-VMware"
"mxk6npcB7BAthet5FK-6","cowrie-2025.06.23","-","_doc","Jun 23, 2025 @ 22:18:15.529",1,"Cowrie: Failed SSH login! User: root, IP: 127.0.0.1","cowrie.login.failed","oznur-VMware","login attempt [root/12345] failed",12345,"Jun 22, 2025 @ 23:08:55.945",root,"127.0.0.1",0c0bed74841b,"/home/cowrie/cowrie/var/log/cowrie/cowrie.json","oznur-VMware"
"mRk6npcB7BAthet5FK-y","cowrie-2025.06.23","-","_doc","Jun 23, 2025 @ 22:18:15.528",1,"Cowrie: Failed SSH login! User: root, IP: 127.0.0.1","cowrie.login.failed","oznur-VMware","login attempt [root/1234] failed",1234,"Jun 22, 2025 @ 23:08:49.404",root,"127.0.0.1",0c0bed74841b,"/home/cowrie/cowrie/var/log/cowrie/cowrie.json","oznur-VMware"
"nxk6npcB7BAthet5FK_Q","cowrie-2025.06.23","-","_doc","Jun 23, 2025 @ 22:18:15.519",1,"Cowrie: Failed SSH login! User: root, IP: 127.0.0.1","cowrie.login.failed","oznur-VMware","login attempt [root/1234] failed",1234,"Jun 22, 2025 @ 23:06:50.318",root,"127.0.0.1",4b6efa55d739,"/home/cowrie/cowrie/var/log/cowrie/cowrie.json","oznur-VMware"
"jhkqnpcB7BAthet5wq_a","cowrie-2025.06.23","-","_doc","Jun 23, 2025 @ 22:01:31.719",1,"Cowrie: Failed SSH login! User: root, IP: 127.0.0.1","cowrie.login.failed","oznur-VMware","login attempt [root/1234] failed",1234,"Jun 24, 2025 @ 00:32:36.116",root,"127.0.0.1",6a3cbd7059ba,"/home/cowrie/cowrie/var/log/cowrie/cowrie.json","oznur-VMware"
"kRkqnpcB7BAthet5wq_z","cowrie-2025.06.23","-","_doc","Jun 23, 2025 @ 22:01:31.712",1,"Cowrie: Failed SSH login! User: root, IP: 127.0.0.1","cowrie.login.failed","oznur-VMware","login attempt [root/testyanlis] failed",testyanlis,"Jun 24, 2025 @ 00:26:16.351",root,"127.0.0.1",faa13954ea5f,"/home/cowrie/cowrie/var/log/cowrie/cowrie.json","oznur-VMware"
"kBkqnpcB7BAthet5wq_f","cowrie-2025.06.23","-","_doc","Jun 23, 2025 @ 22:01:31.706",1,"Cowrie: Failed SSH login! User: root, IP: 127.0.0.1","cowrie.login.failed","oznur-VMware","login attempt [root/1234] failed",1234,"Jun 24, 2025 @ 00:10:59.329",root,"127.0.0.1",31bee1991587,"/home/cowrie/cowrie/var/log/cowrie/cowrie.json","oznur-VMware"
"khkqnpcB7BAthet5wq_4","cowrie-2025.06.23","-","_doc","Jun 23, 2025 @ 22:01:31.642",1,"Cowrie: Failed SSH login! User: root, IP: 127.0.0.1","cowrie.login.failed","oznur-VMware","login attempt [root/yanlis] failed",yanlis,"Jun 23, 2025 @ 21:18:17.017",root,"127.0.0.1",9b0962d54466,"/home/cowrie/cowrie/var/log/cowrie/cowrie.json","oznur-VMware"
kxkqnpcB7BAthet5w68G,"cowrie-2025.06.23","-","_doc","Jun 23, 2025 @ 22:01:31.635",1,"Cowrie: Failed SSH login! User: root, IP: 127.0.0.1","cowrie.login.failed","oznur-VMware","login attempt [root/test] failed",test,"Jun 23, 2025 @ 00:03:12.369",root,"127.0.0.1",17651ae15e8e,"/home/cowrie/cowrie/var/log/cowrie/cowrie.json","oznur-VMware"
"ixkqnpcB7BAthet5wq_Z","cowrie-2025.06.23","-","_doc","Jun 23, 2025 @ 22:01:31.629",1,"Cowrie: Failed SSH login! User: root, IP: 127.0.0.1","cowrie.login.failed","oznur-VMware","login attempt [root/yanlisdeneme] failed",yanlisdeneme,"Jun 22, 2025 @ 23:45:06.741",root,"127.0.0.1",cafefd18df20,"/home/cowrie/cowrie/var/log/cowrie/cowrie.json","oznur-VMware"
lBkqnpcB7BAthet5w68N,"cowrie-2025.06.23","-","_doc","Jun 23, 2025 @ 22:01:31.623",1,"Cowrie: Failed SSH login! User: root, IP: 127.0.0.1","cowrie.login.failed","oznur-VMware","login attempt [root/1234yanlÄ±sss] failed","1234yanlÄ±sss","Jun 22, 2025 @ 23:23:21.803",root,"127.0.0.1",3f3b3eb4babb,"/home/cowrie/cowrie/var/log/cowrie/cowrie.json","oznur-VMware"
lhkqnpcB7BAthet5w68U,"cowrie-2025.06.23","-","_doc","Jun 23, 2025 @ 22:01:31.616",1,"Cowrie: Failed SSH login! User: root, IP: 127.0.0.1","cowrie.login.failed","oznur-VMware","login attempt [root/1234yanlÄ±s] failed","1234yanlÄ±s","Jun 22, 2025 @ 23:09:46.786",root,"127.0.0.1",06139c9379ab,"/home/cowrie/cowrie/var/log/cowrie/cowrie.json","oznur-VMware"
"jRkqnpcB7BAthet5wq_a","cowrie-2025.06.23","-","_doc","Jun 23, 2025 @ 22:01:31.609",1,"Cowrie: Failed SSH login! User: root, IP: 127.0.0.1","cowrie.login.failed","oznur-VMware","login attempt [root/123456] failed",123456,"Jun 22, 2025 @ 23:08:59.315",root,"127.0.0.1",0c0bed74841b,"/home/cowrie/cowrie/var/log/cowrie/cowrie.json","oznur-VMware"
"jxkqnpcB7BAthet5wq_f","cowrie-2025.06.23","-","_doc","Jun 23, 2025 @ 22:01:31.608",1,"Cowrie: Failed SSH login! User: root, IP: 127.0.0.1","cowrie.login.failed","oznur-VMware","login attempt [root/12345] failed",12345,"Jun 22, 2025 @ 23:08:55.945",root,"127.0.0.1",0c0bed74841b,"/home/cowrie/cowrie/var/log/cowrie/cowrie.json","oznur-VMware"
lRkqnpcB7BAthet5w68U,"cowrie-2025.06.23","-","_doc","Jun 23, 2025 @ 22:01:31.606",1,"Cowrie: Failed SSH login! User: root, IP: 127.0.0.1","cowrie.login.failed","oznur-VMware","login attempt [root/1234] failed",1234,"Jun 22, 2025 @ 23:08:49.404",root,"127.0.0.1",0c0bed74841b,"/home/cowrie/cowrie/var/log/cowrie/cowrie.json","oznur-VMware"
"jBkqnpcB7BAthet5wq_a","cowrie-2025.06.23","-","_doc","Jun 23, 2025 @ 22:01:31.599",1,"Cowrie: Failed SSH login! User: root, IP: 127.0.0.1","cowrie.login.failed","oznur-VMware","login attempt [root/1234] failed",1234,"Jun 22, 2025 @ 23:06:50.318",root,"127.0.0.1",4b6efa55d739,"/home/cowrie/cowrie/var/log/cowrie/cowrie.json","oznur-VMware"
KE8QnpcBjK9KYa0nRyho,"cowrie-2025.06.23","-","_doc","Jun 23, 2025 @ 21:32:36.278",1,"Cowrie: Failed SSH login! User: root, IP: 127.0.0.1","cowrie.login.failed","oznur-VMware","login attempt [root/1234] failed",1234,"Jun 24, 2025 @ 00:32:36.116",root,"127.0.0.1",6a3cbd7059ba,"/home/cowrie/cowrie/var/log/cowrie/cowrie.json","oznur-VMware"
FU8KnpcBjK9KYa0nfygI,"cowrie-2025.06.23","-","_doc","Jun 23, 2025 @ 21:26:17.304",1,"Cowrie: Failed SSH login! User: root, IP: 127.0.0.1","cowrie.login.failed","oznur-VMware","login attempt [root/testyanlis] failed",testyanlis,"Jun 24, 2025 @ 00:26:16.351",root,"127.0.0.1",faa13954ea5f,"/home/cowrie/cowrie/var/log/cowrie/cowrie.json","oznur-VMware"
FE8DnpcBjK9KYa0nTyjA,"cowrie-2025.06.23","-","_doc","Jun 23, 2025 @ 21:18:26.258",1,"Cowrie: Failed SSH login! User: root, IP: 127.0.0.1","cowrie.login.failed","oznur-VMware","login attempt [root/1234] failed",1234,"Jun 24, 2025 @ 00:10:59.329",root,"127.0.0.1",31bee1991587,"/home/cowrie/cowrie/var/log/cowrie/cowrie.json","oznur-VMware"
DE8DnpcBjK9KYa0nTyiL,"cowrie-2025.06.23","-","_doc","Jun 23, 2025 @ 21:18:26.183",1,"Cowrie: Failed SSH login! User: root, IP: 127.0.0.1","cowrie.login.failed","oznur-VMware","login attempt [root/yanlis] failed",yanlis,"Jun 23, 2025 @ 21:18:17.017",root,"127.0.0.1",9b0962d54466,"/home/cowrie/cowrie/var/log/cowrie/cowrie.json","oznur-VMware"
DU8DnpcBjK9KYa0nTyiY,"cowrie-2025.06.23","-","_doc","Jun 23, 2025 @ 21:18:26.173",1,"Cowrie: Failed SSH login! User: root, IP: 127.0.0.1","cowrie.login.failed","oznur-VMware","login attempt [root/test] failed",test,"Jun 23, 2025 @ 00:03:12.369",root,"127.0.0.1",17651ae15e8e,"/home/cowrie/cowrie/var/log/cowrie/cowrie.json","oznur-VMware"
EU8DnpcBjK9KYa0nTyiw,"cowrie-2025.06.23","-","_doc","Jun 23, 2025 @ 21:18:26.164",1,"Cowrie: Failed SSH login! User: root, IP: 127.0.0.1","cowrie.login.failed","oznur-VMware","login attempt [root/yanlisdeneme] failed",yanlisdeneme,"Jun 22, 2025 @ 23:45:06.741",root,"127.0.0.1",cafefd18df20,"/home/cowrie/cowrie/var/log/cowrie/cowrie.json","oznur-VMware"
D08DnpcBjK9KYa0nTyir,"cowrie-2025.06.23","-","_doc","Jun 23, 2025 @ 21:18:26.155",1,"Cowrie: Failed SSH login! User: root, IP: 127.0.0.1","cowrie.login.failed","oznur-VMware","login attempt [root/1234yanlÄ±sss] failed","1234yanlÄ±sss","Jun 22, 2025 @ 23:23:21.803",root,"127.0.0.1",3f3b3eb4babb,"/home/cowrie/cowrie/var/log/cowrie/cowrie.json","oznur-VMware"
E08DnpcBjK9KYa0nTyjA,"cowrie-2025.06.23","-","_doc","Jun 23, 2025 @ 21:18:26.145",1,"Cowrie: Failed SSH login! User: root, IP: 127.0.0.1","cowrie.login.failed","oznur-VMware","login attempt [root/1234yanlÄ±s] failed","1234yanlÄ±s","Jun 22, 2025 @ 23:09:46.786",root,"127.0.0.1",06139c9379ab,"/home/cowrie/cowrie/var/log/cowrie/cowrie.json","oznur-VMware"
C08DnpcBjK9KYa0nTyiK,"cowrie-2025.06.23","-","_doc","Jun 23, 2025 @ 21:18:26.136",1,"Cowrie: Failed SSH login! User: root, IP: 127.0.0.1","cowrie.login.failed","oznur-VMware","login attempt [root/123456] failed",123456,"Jun 22, 2025 @ 23:08:59.315",root,"127.0.0.1",0c0bed74841b,"/home/cowrie/cowrie/var/log/cowrie/cowrie.json","oznur-VMware"
EE8DnpcBjK9KYa0nTyiw,"cowrie-2025.06.23","-","_doc","Jun 23, 2025 @ 21:18:26.134",1,"Cowrie: Failed SSH login! User: root, IP: 127.0.0.1","cowrie.login.failed","oznur-VMware","login attempt [root/12345] failed",12345,"Jun 22, 2025 @ 23:08:55.945",root,"127.0.0.1",0c0bed74841b,"/home/cowrie/cowrie/var/log/cowrie/cowrie.json","oznur-VMware"
Dk8DnpcBjK9KYa0nTyic,"cowrie-2025.06.23","-","_doc","Jun 23, 2025 @ 21:18:26.132",1,"Cowrie: Failed SSH login! User: root, IP: 127.0.0.1","cowrie.login.failed","oznur-VMware","login attempt [root/1234] failed",1234,"Jun 22, 2025 @ 23:08:49.404",root,"127.0.0.1",0c0bed74841b,"/home/cowrie/cowrie/var/log/cowrie/cowrie.json","oznur-VMware"
Ek8DnpcBjK9KYa0nTyi5,"cowrie-2025.06.23","-","_doc","Jun 23, 2025 @ 21:18:26.123",1,"Cowrie: Failed SSH login! User: root, IP: 127.0.0.1","cowrie.login.failed","oznur-VMware","login attempt [root/1234] failed",1234,"Jun 22, 2025 @ 23:06:50.318",root,"127.0.0.1",4b6efa55d739,"/home/cowrie/cowrie/var/log/cowrie/cowrie.json","oznur-VMware"
"A0_8nZcBjK9KYa0nfiiN","cowrie-2025.06.23","-","_doc","Jun 23, 2025 @ 21:10:59.718",1,"Cowrie: BaÅŸarÄ±sÄ±z SSH giriÅŸ denemesi! KullanÄ±cÄ±: root, IP: 127.0.0.1","cowrie.login.failed","oznur-VMware","login attempt [root/1234] failed",1234,"Jun 24, 2025 @ 00:10:59.329",root,"127.0.0.1",31bee1991587,"/home/cowrie/cowrie/var/log/cowrie/cowrie.json","oznur-VMware"
"90_7nZcBjK9KYa0nYCdX","cowrie-2025.06.23","-","_doc","Jun 23, 2025 @ 21:09:46.201",1,"Cowrie: BaÅŸarÄ±sÄ±z SSH giriÅŸ denemesi! KullanÄ±cÄ±: root, IP: 127.0.0.1","cowrie.login.failed","oznur-VMware","login attempt [root/yanlis] failed",yanlis,"Jun 23, 2025 @ 21:18:17.017",root,"127.0.0.1",9b0962d54466,"/home/cowrie/cowrie/var/log/cowrie/cowrie.json","oznur-VMware"
"9U_7nZcBjK9KYa0nYCdX","cowrie-2025.06.23","-","_doc","Jun 23, 2025 @ 21:09:46.193",1,"Cowrie: BaÅŸarÄ±sÄ±z SSH giriÅŸ denemesi! KullanÄ±cÄ±: root, IP: 127.0.0.1","cowrie.login.failed","oznur-VMware","login attempt [root/test] failed",test,"Jun 23, 2025 @ 00:03:12.369",root,"127.0.0.1",17651ae15e8e,"/home/cowrie/cowrie/var/log/cowrie/cowrie.json","oznur-VMware"
"80_7nZcBjK9KYa0nYCdF","cowrie-2025.06.23","-","_doc","Jun 23, 2025 @ 21:09:46.185",1,"Cowrie: BaÅŸarÄ±sÄ±z SSH giriÅŸ denemesi! KullanÄ±cÄ±: root, IP: 127.0.0.1","cowrie.login.failed","oznur-VMware","login attempt [root/yanlisdeneme] failed",yanlisdeneme,"Jun 22, 2025 @ 23:45:06.741",root,"127.0.0.1",cafefd18df20,"/home/cowrie/cowrie/var/log/cowrie/cowrie.json","oznur-VMware"
"8U_7nZcBjK9KYa0nYCc-","cowrie-2025.06.23","-","_doc","Jun 23, 2025 @ 21:09:46.177",1,"Cowrie: BaÅŸarÄ±sÄ±z SSH giriÅŸ denemesi! KullanÄ±cÄ±: root, IP: 127.0.0.1","cowrie.login.failed","oznur-VMware","login attempt [root/1234yanlÄ±sss] failed","1234yanlÄ±sss","Jun 22, 2025 @ 23:23:21.803",root,"127.0.0.1",3f3b3eb4babb,"/home/cowrie/cowrie/var/log/cowrie/cowrie.json","oznur-VMware"
"9E_7nZcBjK9KYa0nYCdN","cowrie-2025.06.23","-","_doc","Jun 23, 2025 @ 21:09:46.167",1,"Cowrie: BaÅŸarÄ±sÄ±z SSH giriÅŸ denemesi! KullanÄ±cÄ±: root, IP: 127.0.0.1","cowrie.login.failed","oznur-VMware","login attempt [root/1234yanlÄ±s] failed","1234yanlÄ±s","Jun 22, 2025 @ 23:09:46.786",root,"127.0.0.1",06139c9379ab,"/home/cowrie/cowrie/var/log/cowrie/cowrie.json","oznur-VMware"
"70_7nZcBjK9KYa0nYCcX","cowrie-2025.06.23","-","_doc","Jun 23, 2025 @ 21:09:46.157",1,"Cowrie: BaÅŸarÄ±sÄ±z SSH giriÅŸ denemesi! KullanÄ±cÄ±: root, IP: 127.0.0.1","cowrie.login.failed","oznur-VMware","login attempt [root/123456] failed",123456,"Jun 22, 2025 @ 23:08:59.315",root,"127.0.0.1",0c0bed74841b,"/home/cowrie/cowrie/var/log/cowrie/cowrie.json","oznur-VMware"
"8k_7nZcBjK9KYa0nYCdF","cowrie-2025.06.23","-","_doc","Jun 23, 2025 @ 21:09:46.155",1,"Cowrie: BaÅŸarÄ±sÄ±z SSH giriÅŸ denemesi! KullanÄ±cÄ±: root, IP: 127.0.0.1","cowrie.login.failed","oznur-VMware","login attempt [root/12345] failed",12345,"Jun 22, 2025 @ 23:08:55.945",root,"127.0.0.1",0c0bed74841b,"/home/cowrie/cowrie/var/log/cowrie/cowrie.json","oznur-VMware"
"8E_7nZcBjK9KYa0nYCc9","cowrie-2025.06.23","-","_doc","Jun 23, 2025 @ 21:09:46.153",1,"Cowrie: BaÅŸarÄ±sÄ±z SSH giriÅŸ denemesi! KullanÄ±cÄ±: root, IP: 127.0.0.1","cowrie.login.failed","oznur-VMware","login attempt [root/1234] failed",1234,"Jun 22, 2025 @ 23:08:49.404",root,"127.0.0.1",0c0bed74841b,"/home/cowrie/cowrie/var/log/cowrie/cowrie.json","oznur-VMware"
"9k_7nZcBjK9KYa0nYCdX","cowrie-2025.06.23","-","_doc","Jun 23, 2025 @ 21:09:46.144",1,"Cowrie: BaÅŸarÄ±sÄ±z SSH giriÅŸ denemesi! KullanÄ±cÄ±: root, IP: 127.0.0.1","cowrie.login.failed","oznur-VMware","login attempt [root/1234] failed",1234,"Jun 22, 2025 @ 23:06:50.318",root,"127.0.0.1",4b6efa55d739,"/home/cowrie/cowrie/var/log/cowrie/cowrie.json","oznur-VMware"
3E9enZcBjK9KYa0nXyfv,"cowrie-2025.06.23","-","_doc","Jun 23, 2025 @ 18:18:17.192",1,"Cowrie: BaÅŸarÄ±sÄ±z SSH giriÅŸ denemesi! KullanÄ±cÄ±: root, IP: 127.0.0.1","cowrie.login.failed","oznur-VMware","login attempt [root/yanlis] failed",yanlis,"Jun 23, 2025 @ 21:18:17.017",root,"127.0.0.1",9b0962d54466,"/home/cowrie/cowrie/var/log/cowrie/cowrie.json","oznur-VMware"
2k9ZnZcBjK9KYa0n1CeE,"cowrie-2025.06.23","-","_doc","Jun 23, 2025 @ 18:13:18.163",1,"Cowrie: BaÅŸarÄ±sÄ±z SSH giriÅŸ denemesi! KullanÄ±cÄ±: root, IP: 127.0.0.1","cowrie.login.failed","oznur-VMware","login attempt [root/test] failed",test,"Jun 23, 2025 @ 00:03:12.369",root,"127.0.0.1",17651ae15e8e,"/home/cowrie/cowrie/var/log/cowrie/cowrie.json","oznur-VMware"
1k9ZnZcBjK9KYa0n1CeB,"cowrie-2025.06.23","-","_doc","Jun 23, 2025 @ 18:13:18.151",1,"Cowrie: BaÅŸarÄ±sÄ±z SSH giriÅŸ denemesi! KullanÄ±cÄ±: root, IP: 127.0.0.1","cowrie.login.failed","oznur-VMware","login attempt [root/yanlisdeneme] failed",yanlisdeneme,"Jun 22, 2025 @ 23:45:06.741",root,"127.0.0.1",cafefd18df20,"/home/cowrie/cowrie/var/log/cowrie/cowrie.json","oznur-VMware"
209ZnZcBjK9KYa0n1CeF,"cowrie-2025.06.23","-","_doc","Jun 23, 2025 @ 18:13:18.135",1,"Cowrie: BaÅŸarÄ±sÄ±z SSH giriÅŸ denemesi! KullanÄ±cÄ±: root, IP: 127.0.0.1","cowrie.login.failed","oznur-VMware","login attempt [root/1234yanlÄ±sss] failed","1234yanlÄ±sss","Jun 22, 2025 @ 23:23:21.803",root,"127.0.0.1",3f3b3eb4babb,"/home/cowrie/cowrie/var/log/cowrie/cowrie.json","oznur-VMware"
1E9ZnZcBjK9KYa0n1CeA,"cowrie-2025.06.23","-","_doc","Jun 23, 2025 @ 18:13:18.124",1,"Cowrie: BaÅŸarÄ±sÄ±z SSH giriÅŸ denemesi! KullanÄ±cÄ±: root, IP: 127.0.0.1","cowrie.login.failed","oznur-VMware","login attempt [root/1234yanlÄ±s] failed","1234yanlÄ±s","Jun 22, 2025 @ 23:09:46.786",root,"127.0.0.1",06139c9379ab,"/home/cowrie/cowrie/var/log/cowrie/cowrie.json","oznur-VMware"
2U9ZnZcBjK9KYa0n1CeC,"cowrie-2025.06.23","-","_doc","Jun 23, 2025 @ 18:13:18.113",1,"Cowrie: BaÅŸarÄ±sÄ±z SSH giriÅŸ denemesi! KullanÄ±cÄ±: root, IP: 127.0.0.1","cowrie.login.failed","oznur-VMware","login attempt [root/123456] failed",123456,"Jun 22, 2025 @ 23:08:59.315",root,"127.0.0.1",0c0bed74841b,"/home/cowrie/cowrie/var/log/cowrie/cowrie.json","oznur-VMware"
1U9ZnZcBjK9KYa0n1CeA,"cowrie-2025.06.23","-","_doc","Jun 23, 2025 @ 18:13:18.111",1,"Cowrie: BaÅŸarÄ±sÄ±z SSH giriÅŸ denemesi! KullanÄ±cÄ±: root, IP: 127.0.0.1","cowrie.login.failed","oznur-VMware","login attempt [root/12345] failed",12345,"Jun 22, 2025 @ 23:08:55.945",root,"127.0.0.1",0c0bed74841b,"/home/cowrie/cowrie/var/log/cowrie/cowrie.json","oznur-VMware"
109ZnZcBjK9KYa0n1CeB,"cowrie-2025.06.23","-","_doc","Jun 23, 2025 @ 18:13:18.110",1,"Cowrie: BaÅŸarÄ±sÄ±z SSH giriÅŸ denemesi! KullanÄ±cÄ±: root, IP: 127.0.0.1","cowrie.login.failed","oznur-VMware","login attempt [root/1234] failed",1234,"Jun 22, 2025 @ 23:08:49.404",root,"127.0.0.1",0c0bed74841b,"/home/cowrie/cowrie/var/log/cowrie/cowrie.json","oznur-VMware"
2E9ZnZcBjK9KYa0n1CeB,"cowrie-2025.06.23","-","_doc","Jun 23, 2025 @ 18:13:18.101",1,"Cowrie: BaÅŸarÄ±sÄ±z SSH giriÅŸ denemesi! KullanÄ±cÄ±: root, IP: 127.0.0.1","cowrie.login.failed","oznur-VMware","login attempt [root/1234] failed",1234,"Jun 22, 2025 @ 23:06:50.318",root,"127.0.0.1",4b6efa55d739,"/home/cowrie/cowrie/var/log/cowrie/cowrie.json","oznur-VMware"
"zE_PmJcBjK9KYa0nBCff","cowrie-2025.06.22","-","_doc","Jun 22, 2025 @ 21:03:13.370",1,"Cowrie: BaÅŸarÄ±sÄ±z SSH giriÅŸ denemesi! KullanÄ±cÄ±: root, IP: 127.0.0.1","cowrie.login.failed","oznur-VMware","login attempt [root/test] failed",test,"Jun 23, 2025 @ 00:03:12.369",root,"127.0.0.1",17651ae15e8e,"/home/cowrie/cowrie/var/log/cowrie/cowrie.json","oznur-VMware"
"u0_NmJcBjK9KYa0n2ydY","cowrie-2025.06.22","-","_doc","Jun 22, 2025 @ 21:01:57.055",1,"Cowrie: BaÅŸarÄ±sÄ±z SSH giriÅŸ denemesi! KullanÄ±cÄ±: root, IP: 127.0.0.1","cowrie.login.failed","oznur-VMware","login attempt [root/yanlisdeneme] failed",yanlisdeneme,"Jun 22, 2025 @ 23:45:06.741",root,"127.0.0.1",cafefd18df20,"/home/cowrie/cowrie/var/log/cowrie/cowrie.json","oznur-VMware"
"v0_NmJcBjK9KYa0n2ydz","cowrie-2025.06.22","-","_doc","Jun 22, 2025 @ 21:01:57.046",1,"Cowrie: BaÅŸarÄ±sÄ±z SSH giriÅŸ denemesi! KullanÄ±cÄ±: root, IP: 127.0.0.1","cowrie.login.failed","oznur-VMware","login attempt [root/1234yanlÄ±sss] failed","1234yanlÄ±sss","Jun 22, 2025 @ 23:23:21.803",root,"127.0.0.1",3f3b3eb4babb,"/home/cowrie/cowrie/var/log/cowrie/cowrie.json","oznur-VMware"
"vE_NmJcBjK9KYa0n2ydg","cowrie-2025.06.22","-","_doc","Jun 22, 2025 @ 21:01:57.039",1,"Cowrie: BaÅŸarÄ±sÄ±z SSH giriÅŸ denemesi! KullanÄ±cÄ±: root, IP: 127.0.0.1","cowrie.login.failed","oznur-VMware","login attempt [root/1234yanlÄ±s] failed","1234yanlÄ±s","Jun 22, 2025 @ 23:09:46.786",root,"127.0.0.1",06139c9379ab,"/home/cowrie/cowrie/var/log/cowrie/cowrie.json","oznur-VMware"
"vk_NmJcBjK9KYa0n2ydn","cowrie-2025.06.22","-","_doc","Jun 22, 2025 @ 21:01:57.029",1,"Cowrie: BaÅŸarÄ±sÄ±z SSH giriÅŸ denemesi! KullanÄ±cÄ±: root, IP: 127.0.0.1","cowrie.login.failed","oznur-VMware","login attempt [root/123456] failed",123456,"Jun 22, 2025 @ 23:08:59.315",root,"127.0.0.1",0c0bed74841b,"/home/cowrie/cowrie/var/log/cowrie/cowrie.json","oznur-VMware"
"uk_NmJcBjK9KYa0n2ydY","cowrie-2025.06.22","-","_doc","Jun 22, 2025 @ 21:01:57.027",1,"Cowrie: BaÅŸarÄ±sÄ±z SSH giriÅŸ denemesi! KullanÄ±cÄ±: root, IP: 127.0.0.1","cowrie.login.failed","oznur-VMware","login attempt [root/12345] failed",12345,"Jun 22, 2025 @ 23:08:55.945",root,"127.0.0.1",0c0bed74841b,"/home/cowrie/cowrie/var/log/cowrie/cowrie.json","oznur-VMware"
"wE_NmJcBjK9KYa0n2yd-","cowrie-2025.06.22","-","_doc","Jun 22, 2025 @ 21:01:57.025",1,"Cowrie: BaÅŸarÄ±sÄ±z SSH giriÅŸ denemesi! KullanÄ±cÄ±: root, IP: 127.0.0.1","cowrie.login.failed","oznur-VMware","login attempt [root/1234] failed",1234,"Jun 22, 2025 @ 23:08:49.404",root,"127.0.0.1",0c0bed74841b,"/home/cowrie/cowrie/var/log/cowrie/cowrie.json","oznur-VMware"
"vU_NmJcBjK9KYa0n2ydh","cowrie-2025.06.22","-","_doc","Jun 22, 2025 @ 21:01:57.016",1,"Cowrie: BaÅŸarÄ±sÄ±z SSH giriÅŸ denemesi! KullanÄ±cÄ±: root, IP: 127.0.0.1","cowrie.login.failed","oznur-VMware","login attempt [root/1234] failed",1234,"Jun 22, 2025 @ 23:06:50.318",root,"127.0.0.1",4b6efa55d739,"/home/cowrie/cowrie/var/log/cowrie/cowrie.json","oznur-VMware"
"p0--mJcBjK9KYa0ncCfO","cowrie-2025.06.22","-","_doc","Jun 22, 2025 @ 20:45:06.892",1,"Cowrie: BaÅŸarÄ±sÄ±z SSH giriÅŸ denemesi! KullanÄ±cÄ±: root, IP: 127.0.0.1","cowrie.login.failed","oznur-VMware","login attempt [root/yanlisdeneme] failed",yanlisdeneme,"Jun 22, 2025 @ 23:45:06.741",root,"127.0.0.1",cafefd18df20,"/home/cowrie/cowrie/var/log/cowrie/cowrie.json","oznur-VMware"
"oU--mJcBjK9KYa0nEidN","cowrie-2025.06.22","-","_doc","Jun 22, 2025 @ 20:44:42.528",1,"Cowrie: BaÅŸarÄ±sÄ±z SSH giriÅŸ denemesi! KullanÄ±cÄ±: root, IP: 127.0.0.1","cowrie.login.failed","oznur-VMware","login attempt [root/1234yanlÄ±sss] failed","1234yanlÄ±sss","Jun 22, 2025 @ 23:23:21.803",root,"127.0.0.1",3f3b3eb4babb,"/home/cowrie/cowrie/var/log/cowrie/cowrie.json","oznur-VMware"
"pU--mJcBjK9KYa0nEidq","cowrie-2025.06.22","-","_doc","Jun 22, 2025 @ 20:44:42.520",1,"Cowrie: BaÅŸarÄ±sÄ±z SSH giriÅŸ denemesi! KullanÄ±cÄ±: root, IP: 127.0.0.1","cowrie.login.failed","oznur-VMware","login attempt [root/1234yanlÄ±s] failed","1234yanlÄ±s","Jun 22, 2025 @ 23:09:46.786",root,"127.0.0.1",06139c9379ab,"/home/cowrie/cowrie/var/log/cowrie/cowrie.json","oznur-VMware"
"pk--mJcBjK9KYa0nEids","cowrie-2025.06.22","-","_doc","Jun 22, 2025 @ 20:44:42.511",1,"Cowrie: BaÅŸarÄ±sÄ±z SSH giriÅŸ denemesi! KullanÄ±cÄ±: root, IP: 127.0.0.1","cowrie.login.failed","oznur-VMware","login attempt [root/123456] failed",123456,"Jun 22, 2025 @ 23:08:59.315",root,"127.0.0.1",0c0bed74841b,"/home/cowrie/cowrie/var/log/cowrie/cowrie.json","oznur-VMware"
"o0--mJcBjK9KYa0nEida","cowrie-2025.06.22","-","_doc","Jun 22, 2025 @ 20:44:42.510",1,"Cowrie: BaÅŸarÄ±sÄ±z SSH giriÅŸ denemesi! KullanÄ±cÄ±: root, IP: 127.0.0.1","cowrie.login.failed","oznur-VMware","login attempt [root/12345] failed",12345,"Jun 22, 2025 @ 23:08:55.945",root,"127.0.0.1",0c0bed74841b,"/home/cowrie/cowrie/var/log/cowrie/cowrie.json","oznur-VMware"
"pE--mJcBjK9KYa0nEidg","cowrie-2025.06.22","-","_doc","Jun 22, 2025 @ 20:44:42.508",1,"Cowrie: BaÅŸarÄ±sÄ±z SSH giriÅŸ denemesi! KullanÄ±cÄ±: root, IP: 127.0.0.1","cowrie.login.failed","oznur-VMware","login attempt [root/1234] failed",1234,"Jun 22, 2025 @ 23:08:49.404",root,"127.0.0.1",0c0bed74841b,"/home/cowrie/cowrie/var/log/cowrie/cowrie.json","oznur-VMware"
"ok--mJcBjK9KYa0nEida","cowrie-2025.06.22","-","_doc","Jun 22, 2025 @ 20:44:42.499",1,"Cowrie: BaÅŸarÄ±sÄ±z SSH giriÅŸ denemesi! KullanÄ±cÄ±: root, IP: 127.0.0.1","cowrie.login.failed","oznur-VMware","login attempt [root/1234] failed",1234,"Jun 22, 2025 @ 23:06:50.318",root,"127.0.0.1",4b6efa55d739,"/home/cowrie/cowrie/var/log/cowrie/cowrie.json","oznur-VMware"
"nU-qmJcBjK9KYa0njCc2","cowrie-2025.06.22","-","_doc","Jun 22, 2025 @ 20:23:21.868",1,"Cowrie: BaÅŸarÄ±sÄ±z SSH giriÅŸ denemesi! KullanÄ±cÄ±: root, IP: 127.0.0.1","cowrie.login.failed","oznur-VMware","login attempt [root/1234yanlÄ±sss] failed","1234yanlÄ±sss","Jun 22, 2025 @ 23:23:21.803",root,"127.0.0.1",3f3b3eb4babb,"/home/cowrie/cowrie/var/log/cowrie/cowrie.json","oznur-VMware"
"ik-nmJcBjK9KYa0nICe-","cowrie-2025.06.22","-","_doc","Jun 22, 2025 @ 20:19:37.193",1,"Cowrie: BaÅŸarÄ±sÄ±z SSH giriÅŸ denemesi! KullanÄ±cÄ±: root, IP: 127.0.0.1","cowrie.login.failed","oznur-VMware","login attempt [root/1234yanlÄ±s] failed","1234yanlÄ±s","Jun 22, 2025 @ 23:09:46.786",root,"127.0.0.1",06139c9379ab,"/home/cowrie/cowrie/var/log/cowrie/cowrie.json","oznur-VMware"
"iU-nmJcBjK9KYa0nICe-","cowrie-2025.06.22","-","_doc","Jun 22, 2025 @ 20:19:37.183",1,"Cowrie: BaÅŸarÄ±sÄ±z SSH giriÅŸ denemesi! KullanÄ±cÄ±: root, IP: 127.0.0.1","cowrie.login.failed","oznur-VMware","login attempt [root/123456] failed",123456,"Jun 22, 2025 @ 23:08:59.315",root,"127.0.0.1",0c0bed74841b,"/home/cowrie/cowrie/var/log/cowrie/cowrie.json","oznur-VMware"
"jU-nmJcBjK9KYa0nICe_","cowrie-2025.06.22","-","_doc","Jun 22, 2025 @ 20:19:37.181",1,"Cowrie: BaÅŸarÄ±sÄ±z SSH giriÅŸ denemesi! KullanÄ±cÄ±: root, IP: 127.0.0.1","cowrie.login.failed","oznur-VMware","login attempt [root/12345] failed",12345,"Jun 22, 2025 @ 23:08:55.945",root,"127.0.0.1",0c0bed74841b,"/home/cowrie/cowrie/var/log/cowrie/cowrie.json","oznur-VMware"
"jE-nmJcBjK9KYa0nICe-","cowrie-2025.06.22","-","_doc","Jun 22, 2025 @ 20:19:37.178",1,"Cowrie: BaÅŸarÄ±sÄ±z SSH giriÅŸ denemesi! KullanÄ±cÄ±: root, IP: 127.0.0.1","cowrie.login.failed","oznur-VMware","login attempt [root/1234] failed",1234,"Jun 22, 2025 @ 23:08:49.404",root,"127.0.0.1",0c0bed74841b,"/home/cowrie/cowrie/var/log/cowrie/cowrie.json","oznur-VMware"
"i0-nmJcBjK9KYa0nICe-","cowrie-2025.06.22","-","_doc","Jun 22, 2025 @ 20:19:37.170",1,"Cowrie: BaÅŸarÄ±sÄ±z SSH giriÅŸ denemesi! KullanÄ±cÄ±: root, IP: 127.0.0.1","cowrie.login.failed","oznur-VMware","login attempt [root/1234] failed",1234,"Jun 22, 2025 @ 23:06:50.318",root,"127.0.0.1",4b6efa55d739,"/home/cowrie/cowrie/var/log/cowrie/cowrie.json","oznur-VMware"
