timestamp,username,password,src_ip,eventid,username_enc,password_enc,src_ip_enc,eventid_enc,hour,src_ip_attempts,password_attempts
2025-07-04 22:28:05.308,root,hata,127.0.0.1,cowrie.login.failed,0,18,0,0,22,182,11
2025-07-04 22:28:01.959,root,hata,127.0.0.1,cowrie.login.failed,0,18,0,0,22,182,11
2025-07-04 22:27:58.956,root,hata,127.0.0.1,cowrie.login.failed,0,18,0,0,22,182,11
2025-07-04 22:27:54.933,root,hata,127.0.0.1,cowrie.login.failed,0,18,0,0,22,182,11
2025-07-04 22:27:52.099,root,hata,127.0.0.1,cowrie.login.failed,0,18,0,0,22,182,11
2025-07-04 22:27:48.909,root,hata,127.0.0.1,cowrie.login.failed,0,18,0,0,22,182,11
2025-07-04 22:27:44.449,root,hata,127.0.0.1,cowrie.login.failed,0,18,0,0,22,182,11
2025-07-04 22:27:41.500,root,hata,127.0.0.1,cowrie.login.failed,0,18,0,0,22,182,11
2025-07-04 22:27:38.652,root,hata,127.0.0.1,cowrie.login.failed,0,18,0,0,22,182,11
2025-07-04 22:27:34.646,root,hata,127.0.0.1,cowrie.login.failed,0,18,0,0,22,182,11
2025-07-04 22:27:31.726,root,[Ahata,127.0.0.1,cowrie.login.failed,0,1,0,0,22,182,1
2025-07-04 22:27:27.943,root,hata,127.0.0.1,cowrie.login.failed,0,18,0,0,22,182,11
2025-07-04 22:26:58.680,root,1234,127.0.0.1,cowrie.login.failed,0,2,0,0,22,182,89
2025-07-04 22:26:54.742,root,1234,127.0.0.1,cowrie.login.failed,0,2,0,0,22,182,89
2025-07-04 22:26:51.965,root,1234,127.0.0.1,cowrie.login.failed,0,2,0,0,22,182,89
2025-07-04 22:26:49.180,root,1234,127.0.0.1,cowrie.login.failed,0,2,0,0,22,182,89
2025-07-04 22:26:44.176,root,1234,127.0.0.1,cowrie.login.failed,0,2,0,0,22,182,89
2025-07-04 22:26:41.420,root,1234,127.0.0.1,cowrie.login.failed,0,2,0,0,22,182,89
2025-07-04 22:26:38.592,root,1234,127.0.0.1,cowrie.login.failed,0,2,0,0,22,182,89
2025-07-04 22:26:33.500,root,1234,127.0.0.1,cowrie.login.failed,0,2,0,0,22,182,89
2025-07-04 22:26:30.621,root,1234,127.0.0.1,cowrie.login.failed,0,2,0,0,22,182,89
2025-07-04 22:26:27.964,root,1234,127.0.0.1,cowrie.login.failed,0,2,0,0,22,182,89
2025-07-04 22:26:21.622,root,1234,127.0.0.1,cowrie.login.failed,0,2,0,0,22,182,89
2025-07-04 22:26:18.681,root,1234,127.0.0.1,cowrie.login.failed,0,2,0,0,22,182,89
2025-07-04 22:26:15.652,root,1234,127.0.0.1,cowrie.login.failed,0,2,0,0,22,182,89
2025-07-04 22:25:21.619,root,1234,127.0.0.1,cowrie.login.failed,0,2,0,0,22,182,89
2025-07-04 22:25:18.810,root,1234,127.0.0.1,cowrie.login.failed,0,2,0,0,22,182,89
2025-07-04 22:25:16.226,root,1234,127.0.0.1,cowrie.login.failed,0,2,0,0,22,182,89
2025-07-04 22:25:12.464,root,1234,127.0.0.1,cowrie.login.failed,0,2,0,0,22,182,89
2025-07-04 22:25:09.564,root,1234,127.0.0.1,cowrie.login.failed,0,2,0,0,22,182,89
2025-07-04 22:25:06.817,root,1234,127.0.0.1,cowrie.login.failed,0,2,0,0,22,182,89
2025-07-04 22:25:02.863,root,[A1234,127.0.0.1,cowrie.login.failed,0,0,0,0,22,182,1
2025-07-04 22:24:58.691,root,1234,127.0.0.1,cowrie.login.failed,0,2,0,0,22,182,89
2025-07-04 22:24:55.760,root,1234,127.0.0.1,cowrie.login.failed,0,2,0,0,22,182,89
2025-07-04 22:24:50.283,root,1234,127.0.0.1,cowrie.login.failed,0,2,0,0,22,182,89
2025-07-04 22:24:44.944,root,1234,127.0.0.1,cowrie.login.failed,0,2,0,0,22,182,89
2025-07-04 22:24:30.539,root,1234,127.0.0.1,cowrie.login.failed,0,2,0,0,22,182,89
2025-07-04 22:24:25.620,root,1234,127.0.0.1,cowrie.login.failed,0,2,0,0,22,182,89
2025-07-04 22:24:22.748,root,1234,127.0.0.1,cowrie.login.failed,0,2,0,0,22,182,89
2025-07-04 22:24:20.088,root,1234,127.0.0.1,cowrie.login.failed,0,2,0,0,22,182,89
2025-07-04 22:24:13.040,root,1234,127.0.0.1,cowrie.login.failed,0,2,0,0,22,182,89
2025-07-04 22:24:10.350,root,1234,127.0.0.1,cowrie.login.failed,0,2,0,0,22,182,89
2025-07-04 22:24:07.297,root,1234,127.0.0.1,cowrie.login.failed,0,2,0,0,22,182,89
2025-07-04 22:23:59.611,root,1234,127.0.0.1,cowrie.login.failed,0,2,0,0,22,182,89
2025-07-04 22:23:56.627,root,1234,127.0.0.1,cowrie.login.failed,0,2,0,0,22,182,89
2025-07-04 22:23:53.817,root,1234,127.0.0.1,cowrie.login.failed,0,2,0,0,22,182,89
2025-07-04 22:23:49.585,root,1234,127.0.0.1,cowrie.login.failed,0,2,0,0,22,182,89
2025-07-04 22:23:46.710,root,1234,127.0.0.1,cowrie.login.failed,0,2,0,0,22,182,89
2025-07-04 22:23:43.685,root,1234,127.0.0.1,cowrie.login.failed,0,2,0,0,22,182,89
2025-07-04 22:23:39.853,root,1234,127.0.0.1,cowrie.login.failed,0,2,0,0,22,182,89
2025-07-04 22:23:36.921,root,1234,127.0.0.1,cowrie.login.failed,0,2,0,0,22,182,89
2025-07-04 22:23:33.022,root,1234,127.0.0.1,cowrie.login.failed,0,2,0,0,22,182,89
2025-07-04 22:07:54.780,root,1234,127.0.0.1,cowrie.login.failed,0,2,0,0,22,182,89
2025-07-04 22:07:51.433,root,1234,127.0.0.1,cowrie.login.failed,0,2,0,0,22,182,89
2025-07-04 22:07:48.594,root,1234,127.0.0.1,cowrie.login.failed,0,2,0,0,22,182,89
2025-07-04 22:07:41.360,root,1234,127.0.0.1,cowrie.login.failed,0,2,0,0,22,182,89
2025-07-04 22:07:38.324,root,1234,127.0.0.1,cowrie.login.failed,0,2,0,0,22,182,89
2025-07-04 22:07:35.083,root,1234,127.0.0.1,cowrie.login.failed,0,2,0,0,22,182,89
2025-07-04 22:07:29.855,root,1234,127.0.0.1,cowrie.login.failed,0,2,0,0,22,182,89
2025-07-04 22:07:26.992,root,1234,127.0.0.1,cowrie.login.failed,0,2,0,0,22,182,89
2025-07-04 22:07:24.096,root,1234,127.0.0.1,cowrie.login.failed,0,2,0,0,22,182,89
2025-07-04 21:42:49.872,root,admin,127.0.0.1,cowrie.login.failed,0,15,0,0,21,182,1
2025-07-04 21:42:45.909,root,4321,127.0.0.1,cowrie.login.failed,0,7,0,0,21,182,1
2025-07-04 21:42:19.886,root,denemepassword,127.0.0.1,cowrie.login.failed,0,17,0,0,21,182,1
2025-06-25 12:56:57.015,root,1234,127.0.0.1,cowrie.login.failed,0,2,0,0,12,182,89
2025-06-25 02:11:45.446,root,1234,127.0.0.1,cowrie.login.failed,0,2,0,0,2,182,89
2025-06-25 02:05:34.046,root,1234,127.0.0.1,cowrie.login.failed,0,2,0,0,2,182,89
2025-06-25 02:04:54.797,root,TEST,127.0.0.1,cowrie.login.failed,0,14,0,0,2,182,1
2025-06-25 02:04:50.361,root,DENEMETEST,127.0.0.1,cowrie.login.failed,0,10,0,0,2,182,1
2025-06-25 02:04:46.497,root,Ddeneme,127.0.0.1,cowrie.login.failed,0,11,0,0,2,182,1
2025-06-25 02:00:25.015,root,KALK,127.0.0.1,cowrie.login.failed,0,12,0,0,2,182,1
2025-06-24 17:53:13.417,root,ARYA,127.0.0.1,cowrie.login.failed,0,8,0,0,17,182,3
2025-06-24 17:51:33.284,root,yanlÄ±s,127.0.0.1,cowrie.login.failed,0,24,0,0,17,182,3
2025-06-24 17:48:51.363,root,1234,127.0.0.1,cowrie.login.failed,0,2,0,0,17,182,89
2025-06-24 17:30:50.921,root,1234,127.0.0.1,cowrie.login.failed,0,2,0,0,17,182,89
2025-06-24 17:51:33.284,root,yanlÄ±s,127.0.0.1,cowrie.login.failed,0,24,0,0,17,182,3
2025-06-24 17:48:51.363,root,1234,127.0.0.1,cowrie.login.failed,0,2,0,0,17,182,89
2025-06-24 17:30:50.921,root,1234,127.0.0.1,cowrie.login.failed,0,2,0,0,17,182,89
2025-06-24 17:51:33.284,root,yanlÄ±s,127.0.0.1,cowrie.login.failed,0,24,0,0,17,182,3
2025-06-24 17:48:51.363,root,1234,127.0.0.1,cowrie.login.failed,0,2,0,0,17,182,89
2025-06-24 17:30:50.921,root,1234,127.0.0.1,cowrie.login.failed,0,2,0,0,17,182,89
2025-06-24 17:30:50.921,root,1234,127.0.0.1,cowrie.login.failed,0,2,0,0,17,182,89
2025-06-24 02:57:23.813,root,1234,127.0.0.1,cowrie.login.failed,0,2,0,0,2,182,89
2025-06-24 02:57:23.813,root,1234,127.0.0.1,cowrie.login.failed,0,2,0,0,2,182,89
2025-06-24 02:57:23.813,root,1234,127.0.0.1,cowrie.login.failed,0,2,0,0,2,182,89
2025-06-24 02:57:23.813,root,1234,127.0.0.1,cowrie.login.failed,0,2,0,0,2,182,89
2025-06-24 00:32:36.116,root,1234,127.0.0.1,cowrie.login.failed,0,2,0,0,0,182,89
2025-06-24 00:26:16.351,root,testyanlis,127.0.0.1,cowrie.login.failed,0,21,0,0,0,182,4
2025-06-24 00:10:59.329,root,1234,127.0.0.1,cowrie.login.failed,0,2,0,0,0,182,89
2025-06-23 21:18:17.017,root,yanlis,127.0.0.1,cowrie.login.failed,0,22,0,0,21,182,6
2025-06-23 00:03:12.369,root,test,127.0.0.1,cowrie.login.failed,0,20,0,0,0,182,7
2025-06-22 23:45:06.741,root,yanlisdeneme,127.0.0.1,cowrie.login.failed,0,23,0,0,23,182,8
2025-06-22 23:23:21.803,root,1234yanlÄ±sss,127.0.0.1,cowrie.login.failed,0,6,0,0,23,182,9
2025-06-22 23:09:46.786,root,1234yanlÄ±s,127.0.0.1,cowrie.login.failed,0,5,0,0,23,182,9
2025-06-22 23:08:59.315,root,123456,127.0.0.1,cowrie.login.failed,0,4,0,0,23,182,9
2025-06-22 23:08:55.945,root,12345,127.0.0.1,cowrie.login.failed,0,3,0,0,23,182,9
2025-06-22 23:08:49.404,root,1234,127.0.0.1,cowrie.login.failed,0,2,0,0,23,182,89
2025-06-22 23:06:50.318,root,1234,127.0.0.1,cowrie.login.failed,0,2,0,0,23,182,89
2025-06-24 00:32:36.116,root,1234,127.0.0.1,cowrie.login.failed,0,2,0,0,0,182,89
2025-06-24 00:26:16.351,root,testyanlis,127.0.0.1,cowrie.login.failed,0,21,0,0,0,182,4
2025-06-24 00:10:59.329,root,1234,127.0.0.1,cowrie.login.failed,0,2,0,0,0,182,89
2025-06-23 21:18:17.017,root,yanlis,127.0.0.1,cowrie.login.failed,0,22,0,0,21,182,6
2025-06-23 00:03:12.369,root,test,127.0.0.1,cowrie.login.failed,0,20,0,0,0,182,7
2025-06-22 23:45:06.741,root,yanlisdeneme,127.0.0.1,cowrie.login.failed,0,23,0,0,23,182,8
2025-06-22 23:23:21.803,root,1234yanlÄ±sss,127.0.0.1,cowrie.login.failed,0,6,0,0,23,182,9
2025-06-22 23:09:46.786,root,1234yanlÄ±s,127.0.0.1,cowrie.login.failed,0,5,0,0,23,182,9
2025-06-22 23:08:59.315,root,123456,127.0.0.1,cowrie.login.failed,0,4,0,0,23,182,9
2025-06-22 23:08:55.945,root,12345,127.0.0.1,cowrie.login.failed,0,3,0,0,23,182,9
2025-06-22 23:08:49.404,root,1234,127.0.0.1,cowrie.login.failed,0,2,0,0,23,182,89
2025-06-22 23:06:50.318,root,1234,127.0.0.1,cowrie.login.failed,0,2,0,0,23,182,89
2025-06-24 00:32:36.116,root,1234,127.0.0.1,cowrie.login.failed,0,2,0,0,0,182,89
2025-06-24 00:26:16.351,root,testyanlis,127.0.0.1,cowrie.login.failed,0,21,0,0,0,182,4
2025-06-24 00:10:59.329,root,1234,127.0.0.1,cowrie.login.failed,0,2,0,0,0,182,89
2025-06-23 21:18:17.017,root,yanlis,127.0.0.1,cowrie.login.failed,0,22,0,0,21,182,6
2025-06-23 00:03:12.369,root,test,127.0.0.1,cowrie.login.failed,0,20,0,0,0,182,7
2025-06-22 23:45:06.741,root,yanlisdeneme,127.0.0.1,cowrie.login.failed,0,23,0,0,23,182,8
2025-06-22 23:23:21.803,root,1234yanlÄ±sss,127.0.0.1,cowrie.login.failed,0,6,0,0,23,182,9
2025-06-22 23:09:46.786,root,1234yanlÄ±s,127.0.0.1,cowrie.login.failed,0,5,0,0,23,182,9
2025-06-22 23:08:59.315,root,123456,127.0.0.1,cowrie.login.failed,0,4,0,0,23,182,9
2025-06-22 23:08:55.945,root,12345,127.0.0.1,cowrie.login.failed,0,3,0,0,23,182,9
2025-06-22 23:08:49.404,root,1234,127.0.0.1,cowrie.login.failed,0,2,0,0,23,182,89
2025-06-22 23:06:50.318,root,1234,127.0.0.1,cowrie.login.failed,0,2,0,0,23,182,89
2025-06-24 00:32:36.116,root,1234,127.0.0.1,cowrie.login.failed,0,2,0,0,0,182,89
2025-06-24 00:26:16.351,root,testyanlis,127.0.0.1,cowrie.login.failed,0,21,0,0,0,182,4
2025-06-24 00:10:59.329,root,1234,127.0.0.1,cowrie.login.failed,0,2,0,0,0,182,89
2025-06-23 21:18:17.017,root,yanlis,127.0.0.1,cowrie.login.failed,0,22,0,0,21,182,6
2025-06-23 00:03:12.369,root,test,127.0.0.1,cowrie.login.failed,0,20,0,0,0,182,7
2025-06-22 23:45:06.741,root,yanlisdeneme,127.0.0.1,cowrie.login.failed,0,23,0,0,23,182,8
2025-06-22 23:23:21.803,root,1234yanlÄ±sss,127.0.0.1,cowrie.login.failed,0,6,0,0,23,182,9
2025-06-22 23:09:46.786,root,1234yanlÄ±s,127.0.0.1,cowrie.login.failed,0,5,0,0,23,182,9
2025-06-22 23:08:59.315,root,123456,127.0.0.1,cowrie.login.failed,0,4,0,0,23,182,9
2025-06-22 23:08:55.945,root,12345,127.0.0.1,cowrie.login.failed,0,3,0,0,23,182,9
2025-06-22 23:08:49.404,root,1234,127.0.0.1,cowrie.login.failed,0,2,0,0,23,182,89
2025-06-22 23:06:50.318,root,1234,127.0.0.1,cowrie.login.failed,0,2,0,0,23,182,89
2025-06-24 00:10:59.329,root,1234,127.0.0.1,cowrie.login.failed,0,2,0,0,0,182,89
2025-06-23 21:18:17.017,root,yanlis,127.0.0.1,cowrie.login.failed,0,22,0,0,21,182,6
2025-06-23 00:03:12.369,root,test,127.0.0.1,cowrie.login.failed,0,20,0,0,0,182,7
2025-06-22 23:45:06.741,root,yanlisdeneme,127.0.0.1,cowrie.login.failed,0,23,0,0,23,182,8
2025-06-22 23:23:21.803,root,1234yanlÄ±sss,127.0.0.1,cowrie.login.failed,0,6,0,0,23,182,9
2025-06-22 23:09:46.786,root,1234yanlÄ±s,127.0.0.1,cowrie.login.failed,0,5,0,0,23,182,9
2025-06-22 23:08:59.315,root,123456,127.0.0.1,cowrie.login.failed,0,4,0,0,23,182,9
2025-06-22 23:08:55.945,root,12345,127.0.0.1,cowrie.login.failed,0,3,0,0,23,182,9
2025-06-22 23:08:49.404,root,1234,127.0.0.1,cowrie.login.failed,0,2,0,0,23,182,89
2025-06-22 23:06:50.318,root,1234,127.0.0.1,cowrie.login.failed,0,2,0,0,23,182,89
2025-06-23 21:18:17.017,root,yanlis,127.0.0.1,cowrie.login.failed,0,22,0,0,21,182,6
2025-06-23 00:03:12.369,root,test,127.0.0.1,cowrie.login.failed,0,20,0,0,0,182,7
2025-06-22 23:45:06.741,root,yanlisdeneme,127.0.0.1,cowrie.login.failed,0,23,0,0,23,182,8
2025-06-22 23:23:21.803,root,1234yanlÄ±sss,127.0.0.1,cowrie.login.failed,0,6,0,0,23,182,9
2025-06-22 23:09:46.786,root,1234yanlÄ±s,127.0.0.1,cowrie.login.failed,0,5,0,0,23,182,9
2025-06-22 23:08:59.315,root,123456,127.0.0.1,cowrie.login.failed,0,4,0,0,23,182,9
2025-06-22 23:08:55.945,root,12345,127.0.0.1,cowrie.login.failed,0,3,0,0,23,182,9
2025-06-22 23:08:49.404,root,1234,127.0.0.1,cowrie.login.failed,0,2,0,0,23,182,89
2025-06-22 23:06:50.318,root,1234,127.0.0.1,cowrie.login.failed,0,2,0,0,23,182,89
2025-06-23 00:03:12.369,root,test,127.0.0.1,cowrie.login.failed,0,20,0,0,0,182,7
2025-06-22 23:45:06.741,root,yanlisdeneme,127.0.0.1,cowrie.login.failed,0,23,0,0,23,182,8
2025-06-22 23:23:21.803,root,1234yanlÄ±sss,127.0.0.1,cowrie.login.failed,0,6,0,0,23,182,9
2025-06-22 23:09:46.786,root,1234yanlÄ±s,127.0.0.1,cowrie.login.failed,0,5,0,0,23,182,9
2025-06-22 23:08:59.315,root,123456,127.0.0.1,cowrie.login.failed,0,4,0,0,23,182,9
2025-06-22 23:08:55.945,root,12345,127.0.0.1,cowrie.login.failed,0,3,0,0,23,182,9
2025-06-22 23:08:49.404,root,1234,127.0.0.1,cowrie.login.failed,0,2,0,0,23,182,89
2025-06-22 23:06:50.318,root,1234,127.0.0.1,cowrie.login.failed,0,2,0,0,23,182,89
2025-06-22 23:45:06.741,root,yanlisdeneme,127.0.0.1,cowrie.login.failed,0,23,0,0,23,182,8
2025-06-22 23:23:21.803,root,1234yanlÄ±sss,127.0.0.1,cowrie.login.failed,0,6,0,0,23,182,9
2025-06-22 23:09:46.786,root,1234yanlÄ±s,127.0.0.1,cowrie.login.failed,0,5,0,0,23,182,9
2025-06-22 23:08:59.315,root,123456,127.0.0.1,cowrie.login.failed,0,4,0,0,23,182,9
2025-06-22 23:08:55.945,root,12345,127.0.0.1,cowrie.login.failed,0,3,0,0,23,182,9
2025-06-22 23:08:49.404,root,1234,127.0.0.1,cowrie.login.failed,0,2,0,0,23,182,89
2025-06-22 23:06:50.318,root,1234,127.0.0.1,cowrie.login.failed,0,2,0,0,23,182,89
2025-06-22 23:23:21.803,root,1234yanlÄ±sss,127.0.0.1,cowrie.login.failed,0,6,0,0,23,182,9
2025-06-22 23:09:46.786,root,1234yanlÄ±s,127.0.0.1,cowrie.login.failed,0,5,0,0,23,182,9
2025-06-22 23:08:59.315,root,123456,127.0.0.1,cowrie.login.failed,0,4,0,0,23,182,9
2025-06-22 23:08:55.945,root,12345,127.0.0.1,cowrie.login.failed,0,3,0,0,23,182,9
2025-06-22 23:08:49.404,root,1234,127.0.0.1,cowrie.login.failed,0,2,0,0,23,182,89
2025-06-22 23:06:50.318,root,1234,127.0.0.1,cowrie.login.failed,0,2,0,0,23,182,89
